ply
format ascii 1.0
element vertex 2319
property float x
property float y
property float z
property float nx
property float ny
property float nz
property uchar red
property uchar green
property uchar blue
property int label
property int deepLearningClass
end_header
6.22287 -14.8334 4.06768 0.336093 0.821691 0.460288 255 0 0 7732 0
4.39992 -2.69387 2.7419 0.609253 0.154749 0.77773 255 0 0 7732 1
1.05856 -12.9086 4.51667 -0.1207 -0.922325 -0.36708 255 0 0 7732 0
1.54481 -12.9417 3.24992 -0.299649 -0.168148 0.939115 255 0 0 7732 0
2.96611 -14.281 3.65095 0.255537 -0.0690698 0.964329 255 0 0 7732 8
-0.790123 -13.5834 6.71759 -0.35299 -0.923232 -0.15179 255 0 0 7732 4
5.30098 -2.21788 2.53171 0.314555 0.121718 0.941403 255 0 0 7732 1
-0.292775 -12.4388 2.94041 -0.49604 -0.773479 0.394556 255 0 0 7732 0
0.187457 -13.7215 7.36807 -0.880252 -0.430811 -0.19889 255 0 0 7732 0
-0.637077 -12.5743 3.95311 -0.342889 -0.927603 -0.148253 255 0 0 7732 0
6.09522 -14.9167 8.11875 0.459302 0.806887 0.371451 255 0 0 7732 0
-0.349451 -3.82409 6.53757 -0.349977 0.933406 0.0791841 255 0 0 7732 0
6.09784 -1.86325 4.86453 0.809846 -0.475157 0.344056 255 0 0 7732 8
0.08325 -12.5364 2.87707 -0.587667 -0.521306 0.61878 255 0 0 7732 0
1.03447 -12.8111 3.13492 -0.510247 -0.836397 0.200221 255 0 0 7732 0
5.1066 -14.3827 4.09204 0.112221 0.604854 0.788389 255 0 0 7732 7
-0.61493 -12.4398 2.39602 -0.573246 -0.269403 0.773829 255 0 0 7732 0
-0.407352 -16.4582 1.99992 -0.704469 0.170589 0.688929 255 0 0 7732 1
5.20591 -14.3009 4.02131 0.0717061 0.478805 0.874988 255 0 0 7732 1
6.64091 -14.8366 3.88652 0.413931 0.646873 0.640481 255 0 0 7732 0
0.301752 -13.742 7.37191 -0.975515 -0.138771 -0.170623 255 0 0 7732 0
5.45921 -14.25 6.77914 0.264218 0.953158 0.147236 255 0 0 7732 0
2.95709 -13.963 3.64329 -0.153615 -0.0743151 0.985332 255 0 0 7732 1
6.59021 -14.663 5.78249 0.483947 0.874794 0.023045 255 0 0 7732 0
5.27472 -3.58177 5.87364 0.379563 0.923068 0.0622611 255 0 0 7732 0
0.684173 -13.5648 6.69381 -0.945488 -0.296668 -0.134318 255 0 0 7732 0
1.53374 -12.797 3.16658 -0.233148 -0.107876 0.966439 255 0 0 7732 0
0.68496 -12.8161 3.22542 -0.422413 -0.679471 0.599905 255 0 0 7732 0
0.131259 -12.4918 2.69784 -0.639605 -0.367792 0.675007 255 0 0 7732 0
0.692203 -12.8724 3.22235 -0.419713 -0.598288 0.682563 255 0 0 7732 0
4.79702 -2.5614 2.6838 0.296133 0.20491 0.932908 255 0 0 7732 1
-0.804161 -12.1421 2.61865 -0.58334 -0.766802 0.267824 255 0 0 7732 0
5.82597 -1.89111 2.56017 0.678686 -0.23819 0.694731 255 0 0 7732 0
5.97601 -1.79718 2.24992 0.462724 -0.0903058 0.881891 255 0 0 7732 8
0.455676 -13.7747 7.03142 -0.935249 -0.353814 -0.0111745 255 0 0 7732 0
5.36315 -2.29377 2.50736 0.352704 0.100231 0.930351 255 0 0 7732 1
4.62369 -2.46031 2.70303 0.365673 0.0641468 0.92853 255 0 0 7732 1
0.682687 -12.75 3.86891 -0.436637 -0.892197 -0.11547 255 0 0 7732 0
0.113008 -12.4731 2.81395 -0.645558 -0.491915 0.584187 255 0 0 7732 0
5.70531 -14.2881 6.19415 0.327334 0.90863 -0.259316 255 0 0 7732 0
0.50951 -13.7244 6.94411 -0.771553 -0.630576 -0.0841431 255 0 0 7732 0
6.42758 -14.7485 7.11539 0.541441 0.798026 0.264567 255 0 0 7732 0
3.69816 -3.83087 4.38324 0.311117 0.898854 0.308655 255 0 0 7732 7
6.46788 -14.605 3.74296 0.26315 0.55277 0.790694 255 0 0 7732 0
0.511143 -13.9167 6.53855 -0.784086 0.477085 -0.396989 255 0 0 7732 0
2.19745 -13.8092 7.59575 0.39455 -0.115958 0.911528 255 0 0 7732 0
-0.132419 -12.4823 2.61084 -0.177751 -0.0923893 0.979729 255 0 0 7732 0
3.61739 -13.6956 3.9222 0.131963 -0.0744907 0.988452 255 0 0 7732 1
6.0441 -14.5412 3.73587 0.29367 0.405499 0.865638 255 0 0 7732 0
-0.64271 -12.2346 2.39224 -0.58918 -0.562934 0.579631 255 0 0 7732 0
4.4312 -14.0833 6.76832 0.165682 0.94505 0.281832 255 0 0 7732 0
1.6934 -12.906 3.78804 -0.408831 -0.907238 0.0988745 255 0 0 7732 0
5.93976 -3.91667 5.54048 0.394544 0.918875 0.00194178 255 0 0 7732 0
0.10689 -12.6169 2.57406 -0.570817 -0.00524158 0.821061 255 0 0 7732 0
-0.121365 -12.4571 2.58325 -0.0703614 0.023798 0.997238 255 0 0 7732 0
1.38943 -12.776 3.37942 -0.298539 -0.485074 0.821935 255 0 0 7732 4
5.29481 -14.4568 3.87502 0.186617 0.207642 0.960239 255 0 0 7732 1
0.178735 -12.4815 2.80379 -0.65045 -0.474339 0.593226 255 0 0 7732 0
0.137583 -13.7858 7.37524 -0.864512 -0.470432 -0.176955 255 0 0 7732 0
-0.226133 -16.2027 2.7026 -0.855154 0.316004 0.410917 255 0 0 7732 0
-0.576484 -12.3792 2.47486 -0.620682 -0.340464 0.706285 255 0 0 7732 0
4.62834 -14.3333 4.18174 0.145011 0.860976 0.487536 255 0 0 7732 0
0.357213 -13.6414 7.03993 -0.520478 -0.837036 -0.168742 255 0 0 7732 0
-0.483864 -3.09709 7 0.0738537 -0.453671 0.888104 255 0 0 7732 0
0.255311 -12.7288 2.80069 -0.662154 -0.47061 0.583163 255 0 0 7732 0
0.810413 -15.1316 3.26717 -0.542716 0.240177 0.804845 255 0 0 7732 0
1.24297 -13.2501 4.7304 -0.343971 -0.873598 -0.344254 255 0 0 7732 0
-0.312084 -16.4476 2.06132 -0.714128 0.0884068 0.69441 255 0 0 7732 1
1.3137 -14.7845 3.50086 -0.593305 -0.000465344 0.804977 255 0 0 7732 0
5.89668 -1.80835 2.30157 0.455297 -0.100013 0.884704 255 0 0 7732 8
0.627298 -12.8333 4.51814 -0.347364 -0.860665 -0.372282 255 0 0 7732 0
0.64231 -12.9291 3.96238 -0.485821 -0.873286 0.0367387 255 0 0 7732 0
6.13034 -14.5923 3.74992 0.282175 0.41878 0.863134 255 0 0 7732 0
1.36575 -12.8458 3.41781 -0.286066 -0.526419 0.800656 255 0 0 7732 4
0.279098 -12.7089 2.88057 -0.657387 -0.521831 0.543631 255 0 0 7732 0
-0.705357 -12.3508 2.22082 -0.415923 0.011663 0.909325 255 0 0 7732 0
5.85622 -1.85722 5.61537 0.804205 -0.488279 0.338877 255 0 0 7732 8
0.114143 -12.7878 3.22847 -0.422334 -0.881617 0.21068 255 0 0 7732 0
1.79383 -12.9434 4.0385 -0.324185 -0.935934 0.137595 255 0 0 7732 0
5.8504 -1.94519 2.51429 0.606109 -0.223877 0.763224 255 0 0 7732 1
6.05874 -14.6863 4.383 0.433057 0.860207 0.269267 255 0 0 7732 0
4.10145 -2.8 3.25808 0.562552 0.199382 0.80236 255 0 0 7732 1
1.04431 -12.8776 4.46583 -0.115996 -0.916856 -0.381996 255 0 0 7732 0
6.02375 -14.4753 4.12409 0.0929216 0.402009 0.910909 255 0 0 7732 0
6.20883 -14.7696 4.10129 0.337763 0.85365 0.396482 255 0 0 7732 0
0.620039 -12.7438 3.94152 -0.409926 -0.894922 -0.176281 255 0 0 7732 0
5.1301 -14.16 6.70231 0.138462 0.956873 0.255387 255 0 0 7732 0
-0.715677 -12.2804 2.16658 -0.428571 -0.0404898 0.902601 255 0 0 7732 0
-0.0401159 -12.5478 2.79881 -0.431873 -0.367421 0.823704 255 0 0 7732 0
0.364386 -13.6379 6.94657 -0.557396 -0.817432 -0.145308 255 0 0 7732 0
0.516559 -13.7819 7.09787 -0.926185 -0.342096 0.158591 255 0 0 7732 0
1.36989 -14.79 3.52565 -0.547554 -0.00195045 0.836768 255 0 0 7732 0
0.183345 -12.722 2.74021 -0.612701 -0.31956 0.722827 255 0 0 7732 0
0.86023 -15.1067 3.27852 -0.546002 0.286784 0.787171 255 0 0 7732 0
0.508942 -12.6601 3.19909 -0.648285 -0.739235 -0.18237 255 0 0 7732 0
0.0456247 -12.9167 4.21723 -0.227389 -0.954687 -0.192007 255 0 0 7732 0
1.85221 -12.8935 3.32712 -0.542007 -0.304958 0.783089 255 0 0 7732 0
3.12237 -13.9607 3.84335 0.215366 0.0639892 0.974435 255 0 0 7732 1
0.756999 -12.8311 4.59113 -0.399607 -0.843214 -0.359589 255 0 0 7732 0
-0.782377 -12.7501 4.05377 -0.246157 -0.957142 -0.152598 255 0 0 7732 0
0.141574 -12.5226 2.79215 -0.60805 -0.458724 0.647956 255 0 0 7732 0
-0.330264 -16.2762 2.61915 -0.886671 0.380918 0.262139 255 0 0 7732 0
-0.736881 -12.1461 2.15769 -0.544107 -0.330681 0.771101 255 0 0 7732 1
-0.734444 -12.1653 2.21992 -0.558349 -0.395329 0.729357 255 0 0 7732 0
0.690729 -13.778 6.29224 -0.830746 -0.391487 -0.395725 255 0 0 7732 0
0.712113 -12.7441 3.45127 -0.387547 -0.867445 0.312003 255 0 0 7732 0
1.871 -12.9615 3.7913 -0.397442 -0.8828 0.250407 255 0 0 7732 0
5.19188 -3.66667 5.30053 0.259313 0.956593 -0.132993 255 0 0 7732 0
1.78635 -13.8851 7.75564 0.261368 -0.0153237 0.965118 255 0 0 7732 0
-0.583333 -12.3915 2.41658 -0.589006 -0.287849 0.755126 255 0 0 7732 0
0.308885 -13.0001 4.47598 -0.212892 -0.870471 -0.443799 255 0 0 7732 0
3.62206 -3.82946 4.37084 0.277909 0.889706 0.362203 255 0 0 7732 0
-0.701425 -12.367 2.27259 -0.512031 -0.168724 0.842233 255 0 0 7732 0
0.783304 -12.792 3.45191 -0.387189 -0.856519 0.341263 255 0 0 7732 0
-0.386244 -16.3861 2.03477 -0.703539 0.0648843 0.707688 255 0 0 7732 1
5.9652 -14.6157 3.80424 0.280604 0.441026 0.852501 255 0 0 7732 0
-0.306902 -16.4545 2.1271 -0.73087 0.0711091 0.678802 255 0 0 7732 0
0.185026 -12.548 2.66658 -0.595169 -0.198634 0.778664 255 0 0 7732 0
1.87041 -12.9645 3.38121 -0.557424 -0.211982 0.802709 255 0 0 7732 0
0.631249 -12.75 3.80077 -0.455403 -0.889351 -0.0407836 255 0 0 7732 0
0.704168 -12.8094 4.5438 -0.371194 -0.847023 -0.380483 255 0 0 7732 0
0.285661 -12.6539 3.20632 -0.453993 -0.879804 0.140839 255 0 0 7732 0
0.964015 -12.7784 3.12289 -0.497335 -0.86456 0.0720705 255 0 0 7732 0
0.363997 -13.5 6.4502 -0.170077 -0.941526 -0.290866 255 0 0 7732 4
0.0610111 -12.6053 2.94646 -0.660764 -0.606721 0.441905 255 0 0 7732 0
-0.201369 -15.053 4.62532 -0.812197 0.583315 0.00892021 255 0 0 7732 0
5.70399 -14.2417 6.21577 0.298637 0.931917 -0.205785 255 0 0 7732 0
0.265932 -12.8672 2.82405 -0.512275 -0.0091541 0.858773 255 0 0 7732 1
2.95813 -14.0365 3.64658 0.00995628 -0.0437041 0.998995 255 0 0 7732 1
6.69544 -12.5377 3.85002 0.390833 -0.175907 0.903497 255 0 0 7732 0
-0.448309 -13.6009 6.38521 -0.23219 -0.945676 -0.227562 255 0 0 7732 0
1.54422 -12.8806 3.23575 -0.271443 -0.1857 0.94437 255 0 0 7732 0
-0.879888 -12.3094 2.22906 -0.347932 -0.44536 0.824983 255 0 0 7732 7
7.93969 -15.408 4 0.347471 0.342928 0.872734 255 0 0 7732 0
6.14764 -19.0629 7.88444 0.799414 -0.523268 0.295175 255 0 0 7732 0
1.18973 -19.9736 5.04145 -0.968327 -0.0821723 0.235776 255 0 0 7732 7
1.85782 -20.3895 6.71997 -0.629279 -0.451205 0.632789 255 0 0 7732 0
-1.33755 -12.1245 2.16667 -0.316589 0.332375 0.888425 255 0 0 7732 0
0.606895 -19.5572 3.62604 -0.85445 -0.428871 0.293231 255 0 0 7732 0
7.94255 -15.4705 4 0.378699 0.351537 0.856159 255 0 0 7732 1
-0.83777 -19.4167 4.89011 -0.637551 -0.710136 -0.298722 255 0 0 7732 0
1.25 -19.9642 5.20876 -0.85419 -0.496232 -0.155288 255 0 0 7732 0
-1.58333 -5.29493 4.51048 -0.891057 0.281019 -0.356435 255 0 0 7732 0
1.20031 -19.9826 5.11453 -0.947046 -0.319982 0.0267424 255 0 0 7732 0
0.457597 -19.5065 3.97358 -0.650189 -0.743696 0.155469 255 0 0 7732 0
1.18232 -20.0543 5.13325 -0.948705 -0.31002 0.0620168 255 0 0 7732 0
-1.37043 -11.9618 2 -0.113116 0.167058 0.979437 255 0 0 7732 0
-1.35576 -13.1667 5.39526 -0.295488 -0.832527 -0.468599 255 0 0 7732 0
-2.09725 -11.8486 2.17534 -0.517499 -0.526173 0.674787 255 0 0 7732 1
0.591941 -19.5555 3.56119 -0.864041 -0.370007 0.341362 255 0 0 7732 0
-1.29596 -13.2223 5.54083 -0.143715 -0.957947 -0.248362 255 0 0 7732 0
0.792702 -19.875 4.69561 -0.400575 -0.858362 -0.320554 255 0 0 7732 7
1 -19.741 4.21672 -0.813267 -0.574072 0.0950673 255 0 0 7732 0
0.726569 -19.8455 4.62216 -0.297563 -0.865393 -0.403177 255 0 0 7732 0
-0.67569 -16.966 1.61267 -0.820064 0.00370857 0.57226 255 0 0 7732 1
0.710514 -19.8062 4.61761 -0.295963 -0.866091 -0.402855 255 0 0 7732 0
0.614005 -19.6264 3.63221 -0.870721 -0.370144 0.323788 255 0 0 7732 0
-1.04478 -12.1355 2.23436 -0.311243 -0.425774 0.849614 255 0 0 7732 0
-1.01376 -13.4167 6.11606 -0.333883 -0.93336 -0.131762 255 0 0 7732 0
-1.12559 -12.1667 2.68951 -0.225238 -0.972087 0.0656862 255 0 0 7732 0
-1.03305 -12.0703 2.3067 -0.259104 -0.610829 0.748167 255 0 0 7732 0
-1.71612 -11.9464 1.91658 -0.0888314 -0.0529743 0.994637 255 0 0 7732 1
1.1888 -19.9709 5.18413 -0.888752 -0.448798 -0.093273 255 0 0 7732 0
0.120865 -19.5679 4.45636 -0.317312 -0.935967 -0.152576 255 0 0 7732 0
-1.62393 -11.9544 1.90001 -0.0791818 0.0313736 0.996366 255 0 0 7732 0
-1.12608 -12.1366 2.3772 -0.41576 -0.814115 0.405413 255 0 0 7732 0
1.10708 -20.1435 5.70049 -0.696603 -0.71622 -0.0421023 255 0 0 7732 0
-1.70797 -11.8845 2.12356 -0.0889299 -0.388245 0.917255 255 0 0 7732 0
-1.18063 -12.1251 2.45657 -0.33554 -0.923136 0.187707 255 0 0 7732 0
1.12392 -19.7834 4.45224 -0.838821 -0.530245 0.12337 255 0 0 7732 1
0.229144 -19.355 3.45105 -0.738988 -0.641194 0.206801 255 0 0 7732 0
-0.140081 -19.1984 3.3763 -0.332985 -0.877753 -0.344486 255 0 0 7732 0
1.16695 -20.25 5.93533 -0.749973 -0.655528 -0.0884497 255 0 0 7732 0
0.916667 -19.6667 4.18771 -0.738634 -0.670853 0.0661611 255 0 0 7732 0
-1.29231 -13.2501 5.5456 -0.108337 -0.96661 -0.232223 255 0 0 7732 0
-1.70921 -11.9385 2.09966 -0.0868818 -0.333191 0.938848 255 0 0 7732 0
1.14272 -19.7888 4.53277 -0.826859 -0.552859 0.103201 255 0 0 7732 7
0.94594 -19.6478 4.53795 -0.694286 -0.719648 0.00856298 255 0 0 7732 0
-1.61506 -5.36516 4.47808 -0.834203 0.348418 -0.427446 255 0 0 7732 0
4.78437 -19.7923 6.9267 0.523527 -0.238711 0.817886 255 0 0 7732 0
1.1263 -20.2426 5.96355 -0.680116 -0.725449 -0.105666 255 0 0 7732 7
-0.935026 -5.3298 3.10772 -0.545525 0.724078 0.422034 255 0 0 7732 0
0.916667 -19.8066 4.08325 -0.759682 -0.437325 0.481279 255 0 0 7732 7
-1.11945 -12.1225 2.46416 -0.356327 -0.901086 0.247134 255 0 0 7732 0
6.05529 -19.4167 5.49003 -0.0315053 0.714069 0.699366 255 0 0 7732 0
1.16667 -20.1667 5.64265 -0.737453 -0.675357 -0.0075211 255 0 0 7732 0
0.5 -19.402 3.46633 -0.831384 -0.383274 0.402371 255 0 0 7732 0
3.45325 -20.1233 7.27117 0.172437 -0.334938 0.926327 255 0 0 7732 0
-0.948606 -12.7563 4.05549 -0.363295 -0.913179 -0.184717 255 0 0 7732 0
6.33988 -19.2616 7.69873 0.746125 -0.550007 0.375219 255 0 0 7732 0
1.0159 -19.9051 4.96649 -0.829388 -0.551431 0.0896645 255 0 0 7732 0
6.55845 -18.9789 6.72113 0.601317 -0.699215 0.386674 255 0 0 7732 0
7.65413 -7.03574 3.62751 0.978668 0.19168 0.0739518 255 0 0 7732 0
-2.1176 -11.7886 2.19453 -0.53613 -0.510456 0.672309 255 0 0 7732 0
-0.142404 -19.1552 3.3573 -0.323839 -0.884546 -0.335717 255 0 0 7732 0
-1.14518 -12.75 4.79533 -0.122784 -0.89651 -0.425668 255 0 0 7732 0
-0.666667 -17.0043 1.49413 -0.803387 0.152455 0.575611 255 0 0 7732 1
-0.72495 -17.4523 1.46517 -0.895478 0.0448551 0.442839 255 0 0 7732 4
-0.749748 -17.2923 1.40825 -0.779821 -0.0118796 0.62589 255 0 0 7732 1
6.29259 -21.0646 8.20389 0.215946 0.88496 0.412568 255 0 0 7732 0
5.44973 -21 7.61273 0.221625 0.94301 0.248225 255 0 0 7732 0
-0.63919 -17.0385 1.54776 -0.832539 0.128559 0.538842 255 0 0 7732 4
-0.704907 -16.9723 1.46649 -0.768807 0.0726563 0.63534 255 0 0 7732 1
6.21187 -21.2564 7.9601 0.200259 0.966692 0.159385 255 0 0 7732 0
0.916583 -21.1455 7.71733 -0.909272 0.411149 -0.0646588 255 0 0 7732 0
2.79894 -20.7717 7.21432 -0.0630287 0.366509 0.928277 255 0 0 7732 1
1.12718 -20.9671 7.88287 -0.925964 0.150589 0.346286 255 0 0 7732 0
6.04081 -21.0752 8.2811 0.118779 0.914491 0.386778 255 0 0 7732 7
0.956759 -21.1329 7.79369 -0.929034 0.369893 -0.00862387 255 0 0 7732 0
2.79748 -20.7342 7.25178 -0.0774648 0.483554 0.87188 255 0 0 7732 0
1.08607 -21.2801 7.61191 -0.877023 0.380095 -0.293867 255 0 0 7732 0
-0.743961 -17.3951 1.41658 -0.822896 -0.0083693 0.56813 255 0 0 7732 1
0.947994 -21.1276 7.7031 -0.909185 0.411327 -0.0647493 255 0 0 7732 0
-0.708356 -17.0138 1.48648 -0.760585 0.0884527 0.643184 255 0 0 7732 1
1.35718 -20.9494 8.04747 -0.551632 0.725999 0.410643 255 0 0 7732 0
-0.654641 -16.9561 1.4851 -0.800185 0.160677 0.577829 255 0 0 7732 1
-0.62207 -16.9767 1.53332 -0.822135 0.138157 0.552274 255 0 0 7732 1
8.91658 -12.5396 0.222831 0.961023 0.0201545 0.275732 255 0 0 7732 1
1.33975 -22.6252 3.54631 -0.644104 -0.520784 0.560281 255 0 0 7732 0
1.37066 -22.6196 3.62615 -0.690279 -0.498052 0.524842 255 0 0 7732 0
1.20776 -22.6985 3.30661 -0.562234 -0.405612 0.720674 255 0 0 7732 8
8.58333 -7.13892 -0.127952 0.943995 0.30272 0.13128 255 0 0 7732 1
8.91667 -9.38165 -0.0433985 0.971143 0.223941 0.0820457 255 0 0 7732 1
8.66667 -7.73125 -0.391449 0.945633 0.295957 0.13486 255 0 0 7732 1
8.75 -8.0717 -0.133448 0.939767 0.334571 0.0699964 255 0 0 7732 9
9 -10.0598 0.115227 0.974788 0.170521 0.143915 255 0 0 7732 1
9.07952 -12.8661 -0.360457 0.924534 0.105565 0.366187 255 0 0 7732 1
8.41133 -6.78115 -0.620283 0.919539 0.319214 0.22924 255 0 0 7732 1
8.67569 -7.54964 -0.381247 0.944085 0.20339 0.259491 255 0 0 7732 1
-2.22497 -11.7969 1.9847 -0.459112 -0.464715 0.757137 255 0 0 7732 1
8.75 -8.06538 -0.205377 0.939744 0.338936 0.0447557 255 0 0 7732 1
9.0832 -14.2917 0.312908 0.918097 0.269964 0.2902 255 0 0 7732 1
-2.22911 -11.7344 1.99232 -0.489456 -0.517423 0.70193 255 0 0 7732 7
8.66667 -7.79336 0.109065 0.931787 0.341534 0.122992 255 0 0 7732 1
9.27631 -13.052 -0.956936 0.961903 0.165438 0.217653 255 0 0 7732 1
1.22469 -23.0321 3.20384 -0.967434 -0.209127 0.142609 255 0 0 7732 7
1.2639 -22.7326 3.31887 -0.618303 -0.539993 0.57106 255 0 0 7732 0
9.16281 -13.2129 -0.52808 0.943683 0.218587 0.248357 255 0 0 7732 1
9.41667 -13.5591 -0.685833 0.952698 0.140585 0.269448 255 0 0 7732 1
1.24671 -23.2677 2.77059 -0.970398 -0.139603 0.197073 255 0 0 7732 1
0.499917 -22.991 4.55451 -0.820762 0.547793 -0.162085 255 0 0 7732 0
1.27426 -22.8333 3.11654 -0.666868 -0.616487 0.418606 255 0 0 7732 7
1.26483 -23.9944 1.47401 -0.770124 -0.280891 0.572721 255 0 0 7732 4
9.33333 -13.0516 -0.474509 0.883701 0.178123 0.432833 255 0 0 7732 1
9.41667 -22.9628 6.62392 0.834098 0.410848 0.368083 255 0 0 7732 0
1.33333 -22.9011 3.05797 -0.698599 -0.616269 0.363555 255 0 0 7732 1
1.41667 -23.3819 2.24992 -0.72987 -0.242859 0.638991 255 0 0 7732 0
1.33333 -23.1458 2.54757 -0.548984 -0.710254 0.440632 255 0 0 7732 8
1.43021 -23.5444 2.22637 -0.773405 -0.0891482 0.627613 255 0 0 7732 4
9.08333 -9.45419 -0.984669 0.931874 0.213427 0.293361 255 0 0 7732 1
9.25872 -11.2018 -0.557394 0.946426 0.034985 0.321021 255 0 0 7732 9
0.75 -23.2835 3.86235 -0.92362 0.32706 -0.199896 255 0 0 7732 0
1.21396 -22.7796 3.62512 -0.91024 0.0822672 0.405828 255 0 0 7732 7
1.26204 -22.8333 3.0579 -0.639684 -0.666993 0.382002 255 0 0 7732 4
1.35289 -23.2185 2.37088 -0.6486 -0.605189 0.461588 255 0 0 7732 4
9.24198 -13.5998 -0.615407 0.901059 0.272525 0.337376 255 0 0 7732 1
9.22233 -13.5615 -0.625751 0.889996 0.296356 0.346525 255 0 0 7732 1
1.33333 -22.9857 2.88924 -0.716424 -0.579669 0.388227 255 0 0 7732 7
9.22571 -13.6262 -0.542847 0.904301 0.272489 0.328616 255 0 0 7732 1
1.15375 -23.0255 3.44891 -0.904151 -0.332674 0.268027 255 0 0 7732 7
0.416583 -23.6231 3.80522 -0.95313 0.249683 -0.170887 255 0 0 7732 0
8.82755 -22.9386 7.55857 0.88112 0.410629 0.234544 255 0 0 7732 0
9.16658 -13.267 -0.530561 0.944713 0.226638 0.236967 255 0 0 7732 1
9.27701 -10.7941 -0.706013 0.955834 0.126919 0.265092 255 0 0 7732 1
1.34525 -23.2331 2.30407 -0.585536 -0.557135 0.588854 255 0 0 7732 4
8.99992 -24.6315 7.54926 0.928657 -0.33473 0.159852 255 0 0 7732 0
1.33733 -24.21 1.64027 -0.92244 -0.0695962 0.379818 255 0 0 7732 1
1.27242 -24.0655 1.4796 -0.802002 -0.236093 0.548682 255 0 0 7732 1
9.50919 -14.5504 -0.135057 0.914162 0.265817 0.306023 255 0 0 7732 1
1.31661 -24.4569 1.35885 -0.819787 -0.0497155 0.570507 255 0 0 7732 1
9.84279 -15.7174 -0.22158 0.908657 0.310124 0.279581 255 0 0 7732 1
9.66667 -22.3147 5.02567 0.825178 0.307195 0.474039 255 0 0 7732 1
8.58325 -25.5583 6.54066 0.864437 -0.475028 0.164611 255 0 0 7732 0
8.71993 -25.8518 5.83325 0.154778 0.0809246 0.984629 255 0 0 7732 1
8.92241 -8.46559 -1.13 0.945456 0.190313 0.264374 255 0 0 7732 13
9.06739 -10.2818 -1.03803 0.953212 0.092842 0.287692 255 0 0 7732 9
8.84343 -8.22196 -1.04759 0.958158 0.221877 0.180843 255 0 0 7732 1
9 -25.0345 7.71211 0.886535 -0.41663 0.201182 255 0 0 7732 0
8.2651 -26.0363 6.26297 0.56074 0.0214704 0.827713 255 0 0 7732 1
7.4608 -26.3069 6.42653 0.46878 -0.468117 0.749074 255 0 0 7732 0
8.91667 -25.2174 7.87474 0.859437 -0.450804 0.241131 255 0 0 7732 0
9.22537 -12.6207 -1.03604 0.914736 0.2756 0.295469 255 0 0 7732 1
8.93467 -8.54959 -1.19426 0.948014 0.19083 0.254662 255 0 0 7732 9
8.185 -26.0257 7.9527 0.735595 -0.602572 0.309526 255 0 0 7732 0
8.72577 -25.8067 5.82791 0.186495 0.0528932 0.981031 255 0 0 7732 1
8.2357 -26.0554 6.28386 0.535266 0.0166772 0.844519 255 0 0 7732 0
8.96959 -9.6098 -1.04692 0.924752 0.174696 0.338106 255 0 0 7732 9
9.16719 -9.6324 -1.2223 0.926928 0.248618 0.281056 255 0 0 7732 9
2.25 -26.75 3.32262 -0.632863 -0.661485 0.402394 255 0 0 7732 1
7.35934 -26.6781 8.5321 0.420388 -0.791416 0.443774 255 0 0 7732 0
2.5988 -27.2352 5.36941 -0.656205 -0.730316 -0.189825 255 0 0 7732 7
1.11163 -26.6232 2.36191 -0.912606 -0.0237663 0.408148 255 0 0 7732 1
8.36951 -27.2125 5.92403 0.129251 0.101044 0.98645 255 0 0 7732 1
9.31291 -10.8751 -1.29686 0.825511 0.0431754 0.562732 255 0 0 7732 9
2.4308 -26.8025 3.80539 -0.889602 -0.352333 0.290636 255 0 0 7732 7
2.58333 -27.25 4.87547 -0.80259 -0.596454 0.00954279 255 0 0 7732 1
7.36654 -26.3608 6.41667 0.340025 0.0924348 0.935863 255 0 0 7732 0
2.33761 -26.8718 3.3882 -0.751091 -0.541138 0.378197 255 0 0 7732 1
7.52452 -26.597 8.36193 0.459071 -0.808928 0.367272 255 0 0 7732 0
1.92103 -26.75 2.99167 -0.452687 -0.83284 0.318517 255 0 0 7732 1
2.3729 -26.9653 4.03677 -0.827888 -0.540843 0.148629 255 0 0 7732 1
10.0833 -23.7958 4.93562 0.860804 0.121451 0.494232 255 0 0 7732 1
7.29512 -26.3768 6.24992 0.211803 0.411161 0.886615 255 0 0 7732 1
2.24992 -27.0001 3.96267 -0.827728 -0.555118 0.0819171 255 0 0 7732 1
2.34902 -26.8106 3.39203 -0.731148 -0.544115 0.411536 255 0 0 7732 1
9.5221 -10.9625 -1.30311 0.88316 0.00398769 0.469056 255 0 0 7732 9
2.12291 -26.9712 4.18858 -0.552671 -0.832132 -0.0459358 255 0 0 7732 0
6.85523 -26.6379 6.96978 0.454013 -0.375702 0.807911 255 0 0 7732 0
2.26856 -26.7315 3.55125 -0.678204 -0.6789 0.281307 255 0 0 7732 7
9.53108 -11.0406 -1.30271 0.881266 -0.0243387 0.471993 255 0 0 7732 9
2.10621 -26.9773 3.13578 -0.652753 -0.658647 0.374296 255 0 0 7732 0
7.42057 -26.6742 8.51551 0.410896 -0.798645 0.439693 255 0 0 7732 0
2.31305 -26.9428 3.37407 -0.787958 -0.47419 0.392766 255 0 0 7732 1
2.43771 -26.9091 4.04866 -0.861451 -0.48527 0.149713 255 0 0 7732 7
2.43539 -26.7245 3.38315 -0.721517 -0.432621 0.540603 255 0 0 7732 1
4.71617 -27.7742 6.82714 0.22407 -0.127878 0.966147 255 0 0 7732 0
3.23012 -27.6415 6.21164 -0.386366 -0.68385 0.618927 255 0 0 7732 7
5.03604 -27.5499 7.39487 0.229034 -0.708025 0.668015 255 0 0 7732 1
4.45587 -27.8733 7.46119 0.524465 -0.419381 0.740984 255 0 0 7732 0
3.10538 -28.2771 7.46136 -0.682478 0.569187 0.45853 255 0 0 7732 0
4.39346 -27.744 7.49044 0.317468 -0.734435 0.59985 255 0 0 7732 0
3.01895 -28.2724 7.31607 -0.695608 0.541192 0.472484 255 0 0 7732 0
4.78378 -27.8687 7.36711 0.383531 0.507696 0.771459 255 0 0 7732 0
3.8844 -27.8333 7.66518 0.346225 -0.622305 0.702043 255 0 0 7732 0
9.76021 -27.7771 6.08333 0.603741 0.0610111 0.794842 255 0 0 7732 0
4.43889 -27.8541 7.51665 0.485707 -0.484255 0.727726 255 0 0 7732 0
3.96355 -28.0509 7.70326 0.0382165 0.74231 0.668966 255 0 0 7732 6
3.69534 -28.1076 7.73093 -0.387357 0.63935 0.664218 255 0 0 7732 0
9.71036 -27.7906 6.04636 0.577201 0.056439 0.814649 255 0 0 7732 0
3.04061 -28.0041 7.53671 0.0650539 -0.99787 -0.00479949 255 0 0 7732 0
3.45545 -28.1959 7.72066 -0.418197 0.646385 0.638198 255 0 0 7732 0
2.89679 -28 7.45402 0.058488 -0.997659 -0.0354366 255 0 0 7732 0
4.76986 -27.8117 7.35561 0.386311 0.519949 0.761851 255 0 0 7732 0
3.5307 -28.1889 7.7385 -0.410768 0.643174 0.646217 255 0 0 7732 0
3.56194 -27.8905 7.81888 0.0542449 -0.434221 0.899172 255 0 0 7732 0
4.23238 -27.8973 7.57222 0.181441 -0.502865 0.845107 255 0 0 7732 0
2.96039 -28.0237 7.29793 0.0822953 -0.993129 -0.0831958 255 0 0 7732 0
2.87563 -28.0304 7.13297 0.0157247 -0.964382 -0.264045 255 0 0 7732 0
3.05824 -28.2345 7.35443 -0.679237 0.569537 0.462888 255 0 0 7732 0
2.94891 -28.0177 7.38003 0.0872178 -0.993888 -0.0676808 255 0 0 7732 7
4.38594 -28.0858 7.74506 0.337057 0.515169 0.788032 255 0 0 7732 4
9.69074 -27.7078 6.09911 0.602287 0.0683378 0.795349 255 0 0 7732 1
2.85789 -28.0833 8.03983 -0.177669 -0.972731 0.149095 255 0 0 7732 0
3.03454 -28.2836 7.38722 -0.658909 0.590727 0.465705 255 0 0 7732 0
6.1748 -27.5645 6.66667 0.555526 0.324316 0.765643 255 0 0 7732 1
4.03113 -28.1127 7.72523 0.225729 0.683542 0.69413 255 0 0 7732 4
9.9214 -28.0457 5.91667 0.51876 0.138653 0.843601 255 0 0 7732 1
6.32121 -27.5391 6.49435 0.495491 0.342198 0.798366 255 0 0 7732 0
2.37338 -27.9803 8.03966 -0.107047 -0.994229 -0.007071 255 0 0 7732 0
4.28604 -27.8824 7.55716 0.218056 -0.554586 0.803048 255 0 0 7732 0
3.04422 -28.2941 7.45707 -0.678656 0.59937 0.424479 255 0 0 7732 0
3.82826 -27.8687 7.69788 0.372759 -0.608631 0.700442 255 0 0 7732 0
2.93085 -28.2755 7.22294 -0.711888 0.523962 0.467632 255 0 0 7732 4
2.95573 -28.0347 7.14017 0.0402865 -0.957754 -0.284753 255 0 0 7732 0
2.80216 -27.4796 5.86463 -0.838899 -0.470176 0.274196 255 0 0 7732 0
3.62687 -28.1188 7.71875 -0.399655 0.642678 0.653636 255 0 0 7732 0
6.87649 -27.6811 6.29607 0.257451 0.66664 0.699507 255 0 0 7732 0
3.95749 -27.8611 7.65307 0.325202 -0.61349 0.719634 255 0 0 7732 0
3.0357 -28.0347 7.37137 0.0677055 -0.993828 -0.087873 255 0 0 7732 7
2.36982 -28 7.53983 -0.125474 -0.991751 -0.0261853 255 0 0 7732 7
4.20238 -27.9453 7.59703 0.15001 -0.449866 0.880408 255 0 0 7732 7
4.7987 -27.9358 7.39231 0.356523 0.528848 0.770202 255 0 0 7732 0
2.88948 -28.297 7.13898 -0.70862 0.43073 0.558865 255 0 0 7732 4
2.4557 -28.84 6.77874 -0.890652 0.422812 0.167238 255 0 0 7732 7
9.94812 -29.033 5.65015 0.39088 0.118817 0.912741 255 0 0 7732 1
9.80647 -29.2875 5.65694 0.41767 0.116639 0.901081 255 0 0 7732 0
10.0483 -28.447 5.81753 0.457219 0.154216 0.875881 255 0 0 7732 0
10.1811 -29.0411 5.83333 0.419571 0.161018 0.893327 255 0 0 7732 1
9.88148 -28.5475 5.58325 0.278042 0.0739904 0.957715 255 0 0 7732 1
9.64466 -28.7009 5.66658 0.401535 0.151915 0.903157 255 0 0 7732 0
9.94873 -28.9517 5.63513 0.387335 0.104631 0.915983 255 0 0 7732 0
10.053 -28.5404 5.80358 0.43073 0.134557 0.892394 255 0 0 7732 1
10.1007 -28.5422 5.83333 0.520557 0.146493 0.841166 255 0 0 7732 0
9.80065 -29.454 5.65019 0.303013 0.107843 0.946865 255 0 0 7732 4
9.54993 -29.538 5.72122 0.444646 0.0610561 0.893623 255 0 0 7732 0
9.54949 -29.6921 5.66658 0.307314 0.16325 0.937501 255 0 0 7732 0
9.41658 -29.782 5.91658 0.668982 0.353169 0.654014 255 0 0 7732 7
9.64987 -29.4641 5.6588 0.354992 0.0965999 0.929865 255 0 0 7732 8
9.79749 -29.3679 5.65376 0.336437 0.0964757 0.936751 255 0 0 7732 0
9.55503 -29.6267 5.69385 0.41533 0.0796845 0.906174 255 0 0 7732 0
9.55361 -29.7021 5.68933 0.363911 0.148701 0.919487 255 0 0 7732 0
3.76609 -29.8166 9.66886 0.477016 0.466727 0.74473 255 0 0 7732 7
11.4167 -19.3932 -1.21391 0.704841 0.190964 0.683178 255 0 0 7732 8
12.1957 -21.0467 -1.8007 0.839131 0.273938 0.469911 255 0 0 7732 8
12.0588 -20.8797 -2.19348 0.821499 0.264413 0.505198 255 0 0 7732 8
12.0382 -20.9408 -2.12176 0.817879 0.297513 0.492503 255 0 0 7732 8
11.9849 -20.8002 -2.04758 0.807413 0.3435 0.479678 255 0 0 7732 8
12.0651 -20.9473 -2.27112 0.817596 0.26657 0.51037 255 0 0 7732 8
11.9908 -20.861 -2.02559 0.803757 0.361844 0.472275 255 0 0 7732 8
12.2585 -20.8037 -2.2618 0.864965 0.356551 0.353138 255 0 0 7732 8
12.2375 -21.4475 -1.85182 0.865312 0.266697 0.424392 255 0 0 7732 8
12.0602 -21.2813 -1.70101 0.841878 0.191603 0.50451 255 0 0 7732 9
11.9995 -20.8682 -2.10423 0.801819 0.324335 0.501889 255 0 0 7732 8
11.9659 -21.0327 -1.86534 0.811788 0.455835 0.364985 255 0 0 7732 9
12.2499 -21.2744 -2.01231 0.829375 0.284117 0.481055 255 0 0 7732 8
12.0522 -20.9401 -2.20744 0.820529 0.274383 0.501444 255 0 0 7732 8
11.8333 -19.8069 -1.83333 0.769445 0.289039 0.569571 255 0 0 7732 8
11.8407 -19.7302 -1.84691 0.702502 0.283347 0.652844 255 0 0 7732 9
12.0833 -22.2074 -1.16675 0.85784 0.18056 0.481154 255 0 0 7732 9
12.1554 -22.045 -1.35062 0.817999 0.243029 0.521358 255 0 0 7732 9
12.417 -22.1314 -1.40879 0.824874 0.216941 0.522035 255 0 0 7732 9
12.75 -21.8071 -2.15718 0.836353 0.248077 0.488847 255 0 0 7732 8
12.3394 -21.97 -1.39597 0.788771 0.277136 0.548668 255 0 0 7732 9
12.4166 -21.5952 -2.08342 0.839787 0.281807 0.46405 255 0 0 7732 8
12.5833 -21.7392 -1.89776 0.838707 0.29833 0.455599 255 0 0 7732 9
12.3463 -21.0474 -2.05636 0.814772 0.322483 0.481821 255 0 0 7732 8
12.75 -21.8645 -2.15106 0.84442 0.24538 0.476175 255 0 0 7732 9
12.3475 -22.2351 -1.2054 0.854464 0.219256 0.470976 255 0 0 7732 9
12.5186 -21.5486 -1.88748 0.853845 0.28958 0.432542 255 0 0 7732 8
3.51526 -32.6584 0.976781 -0.568435 -0.721853 0.394729 255 0 0 7732 7
3.63474 -32.6928 1.12015 -0.659989 -0.674472 0.330911 255 0 0 7732 8
8.38096 -32.3715 6.34863 0.184594 -0.0960666 0.978109 255 0 0 7732 0
8.38433 -32.3822 6.32189 0.125041 -0.0699965 0.989679 255 0 0 7732 0
12.7614 -22.1322 -2.05989 0.83555 0.31106 0.452877 255 0 0 7732 9
3.6895 -33.382 2.04909 -0.0704926 -0.860026 -0.505357 255 0 0 7732 7
3.72258 -33.3995 2.09973 0.0119421 -0.875459 -0.483144 255 0 0 7732 7
12.6188 -33.3842 5.36045 0.0075374 -0.101872 0.994769 255 0 0 7732 0
12.6067 -33.4057 5.33325 0.0174029 -0.0698495 0.997406 255 0 0 7732 0
4.35339 -33.4127 2.02449 -0.655481 -0.747904 0.104807 255 0 0 7732 0
4.43064 -33.3164 1.73303 -0.521078 -0.551459 0.651438 255 0 0 7732 7
12.6956 -21.4764 -2.3023 0.838203 0.235617 0.491834 255 0 0 7732 9
3.69536 -33.4355 2.128 -0.11439 -0.869009 -0.481391 255 0 0 7732 7
4.50337 -33.5625 1.96371 -0.835826 -0.414276 0.360236 255 0 0 7732 0
12.6952 -33.4616 5.37046 -0.0917889 -0.083105 0.992305 255 0 0 7732 0
12.6214 -33.4632 5.33096 -0.0380531 -0.0651361 0.997151 255 0 0 7732 0
3.95908 -33.625 2.36364 -0.774796 -0.423687 0.469234 255 0 0 7732 7
4.31077 -33.6292 2.20691 -0.541998 -0.833752 0.105336 255 0 0 7732 7
3.93082 -33.6667 2.12304 -0.343383 -0.88084 -0.325898 255 0 0 7732 7
12.7638 -21.4485 -2.39147 0.862679 0.20696 0.461468 255 0 0 7732 8
12.8421 -21.2191 -2.64514 0.835508 0.250607 0.489002 255 0 0 7732 9
3.89759 -33.675 2.12798 -0.339579 -0.877138 -0.339579 255 0 0 7732 7
12.7222 -20.7894 -2.69732 0.849871 0.312783 0.424131 255 0 0 7732 8
12.7584 -20.8671 -2.72129 0.888439 0.315477 0.333393 255 0 0 7732 8
12.7584 -20.9682 -2.64654 0.850079 0.349967 0.39356 255 0 0 7732 9
12.4086 -21.019 -2.68246 0.823958 0.327472 0.462446 255 0 0 7732 9
12.7622 -21.5467 -2.39592 0.85434 0.204876 0.477628 255 0 0 7732 9
12.7547 -20.8017 -2.72526 0.880755 0.271227 0.388209 255 0 0 7732 8
12.8333 -21.3814 -2.57128 0.865385 0.200574 0.459216 255 0 0 7732 9
12.4285 -20.8056 -2.55781 0.731657 0.552294 0.399561 255 0 0 7732 8
12.75 -21.3071 -2.40406 0.854407 0.280842 0.437168 255 0 0 7732 9
4.5 -33.7319 2.21211 -0.722194 -0.683541 0.105863 255 0 0 7732 7
12.7684 -21.1179 -2.61903 0.831765 0.315347 0.456862 255 0 0 7732 9
12.3786 -20.803 -2.61577 0.74701 0.529483 0.402024 255 0 0 7732 8
12.5243 -20.8103 -2.70465 0.730544 0.576971 0.365253 255 0 0 7732 8
12.0585 -20.7863 -2.44699 0.751017 0.411006 0.516766 255 0 0 7732 8
12.7701 -21.0502 -2.64498 0.848487 0.349977 0.396971 255 0 0 7732 9
2.46843 -33.6218 10.9591 0.197084 0.0664644 0.978131 255 0 0 7732 6
2.45866 -33.625 11.0127 0.544797 0.173192 0.820488 255 0 0 7732 6
8.02093 -33.9539 6.33325 0.199166 0.153166 0.967922 255 0 0 7732 1
7.54831 -34.293 6.62952 0.815063 -0.16904 0.554164 255 0 0 7732 0
5.66667 -34.3002 3.66658 -0.678907 -0.461983 0.570663 255 0 0 7732 7
5.69874 -34.2365 3.72053 -0.727959 -0.442843 0.523417 255 0 0 7732 7
7.53888 -34.4572 7.20508 0.6226 0.24998 0.741539 255 0 0 7732 7
15.4383 -26.2322 -1.54528 0.731998 0.603079 0.316978 255 0 0 7732 8
16 -26.9789 -1.89262 0.896092 0.340548 0.284686 255 0 0 7732 8
6.1445 -34.7659 5.38161 -0.571083 -0.691642 0.442148 255 0 0 7732 1
7.37293 -34.8333 8.09155 0.088787 0.701221 0.707394 255 0 0 7732 7
15.8789 -28.7501 0.0570836 0.410149 0.820751 0.397676 255 0 0 7732 8
7.12563 -35.0833 8.51859 0.233627 0.694734 0.680267 255 0 0 7732 0
12.5615 -35.0293 5.80718 0.553522 0.332103 0.763755 255 0 0 7732 0
16.8874 -28.75 0.092848 0.100496 0.910941 0.400108 255 0 0 7732 8
6.88117 -35.25 8.69338 0.238927 0.79025 0.564286 255 0 0 7732 6
6.52211 -35.4501 8.54316 0.525689 -0.0799193 0.846914 255 0 0 7732 0
6.52926 -35.5001 7.95797 0.217461 -0.967524 0.128869 255 0 0 7732 7
6.61263 -35.5182 8.53358 0.370216 -0.119266 0.921258 255 0 0 7732 0
6.26293 -35.6015 8.53825 0.22544 -0.92228 0.313968 255 0 0 7732 6
12.8868 -35.6902 5.83052 0.132218 0.3922 0.910328 255 0 0 7732 8
6.6992 -36.2193 2.64824 -0.234456 -0.599624 0.765168 255 0 0 7732 4
6.79841 -36.153 2.56812 -0.423873 -0.595709 0.682248 255 0 0 7732 7
7.99068 -36.2656 8.73645 0.643252 0.497644 0.581874 255 0 0 7732 7
6.93853 -36.0833 3.02962 -0.59135 -0.791005 0.156899 255 0 0 7732 8
6.77611 -35.9997 2.89759 -0.382177 -0.816728 0.432315 255 0 0 7732 4
7 -36.0833 2.97456 -0.653316 -0.751752 0.089704 255 0 0 7732 7
6.29135 -36.3864 10.2927 -0.162768 0.622062 0.765863 255 0 0 7732 0
6.14002 -36.1501 9.53875 -0.874298 0.433537 0.218285 255 0 0 7732 0
6.08325 -36.2285 9.48643 -0.896604 0.420457 0.138986 255 0 0 7732 0
7.03812 -36.3847 2.53855 -0.548498 -0.575738 0.606363 255 0 0 7732 7
6.80402 -36.0302 2.87263 -0.370675 -0.803101 0.466506 255 0 0 7732 8
6.80125 -36.0175 2.94692 -0.356176 -0.85582 0.375114 255 0 0 7732 7
6.87722 -36.0495 2.87514 -0.394993 -0.809377 0.434615 255 0 0 7732 8
6.83405 -36.0671 3.1969 -0.571351 -0.80597 0.154826 255 0 0 7732 8
6.95695 -36.1043 3.0271 -0.639858 -0.753318 0.151964 255 0 0 7732 8
6.96392 -36.3333 2.40889 0.237078 -0.546529 0.803181 255 0 0 7732 7
6.71894 -36.0396 2.87546 -0.260253 -0.821868 0.506756 255 0 0 7732 8
6.34853 -35.9537 8.89077 -0.801468 0.562112 0.204155 255 0 0 7732 0
6.13389 -36.2197 9.52173 -0.862516 0.448066 0.235169 255 0 0 7732 0
6.21672 -36.3163 10.2845 -0.0717404 0.463613 0.883129 255 0 0 7732 0
7.0255 -36.32 2.38581 0.249631 -0.538421 0.804853 255 0 0 7732 4
6.2218 -35.8887 7.62562 -0.932654 0.360744 -0.00453939 255 0 0 7732 0
6.40022 -36.1227 10.0579 0.466653 0.302241 0.831195 255 0 0 7732 0
6.21252 -36.3869 10.2994 -0.183292 0.580124 0.793637 255 0 0 7732 7
6.19478 -35.9521 7.55024 -0.929724 0.368186 0.00718994 255 0 0 7732 0
6.2504 -35.9626 8.13908 -0.946945 -0.105834 0.303471 255 0 0 7732 6
6.05995 -36.0574 8.70192 -0.969126 0.234941 0.0748189 255 0 0 7732 0
6.79045 -35.9787 2.95464 -0.379658 -0.845262 0.376022 255 0 0 7732 7
6.91667 -36.2278 3.10346 -0.818495 -0.574432 0.00970274 255 0 0 7732 7
6.54834 -36.2174 10.2854 -0.0261891 0.617165 0.786398 255 0 0 7732 4
6.386 -35.8936 8.86766 -0.781286 0.586566 0.213382 255 0 0 7732 0
6.62776 -35.9417 9.80667 0.224574 0.598937 0.768661 255 0 0 7732 0
12.7349 -35.8514 5.99992 0.423584 0.439882 0.791884 255 0 0 7732 4
6.22141 -36.4826 10.3333 -0.459482 0.408672 0.788584 255 0 0 7732 0
5.98971 -36.3941 5.69686 -0.918257 0.298583 0.2601 255 0 0 7732 7
14.4389 -36.7548 5.98777 -0.136715 0.677801 0.722423 255 0 0 7732 0
7.58709 -36.75 10.2817 0.74653 0.436517 0.502141 255 0 0 7732 7
14.6355 -36.5281 5.74921 0.219378 0.213163 0.952069 255 0 0 7732 1
6.27934 -36.4562 5.45458 -0.983843 0.120106 -0.132771 255 0 0 7732 7
5.99403 -36.4721 5.7895 -0.962829 0.216337 0.161734 255 0 0 7732 7
14.6231 -36.6064 5.80487 0.0565626 0.515778 0.854853 255 0 0 7732 7
6.16863 -36.4458 9.04886 -0.918751 0.361881 0.157919 255 0 0 7732 0
7.30072 -36.9565 2.02965 -0.386748 -0.621036 0.681718 255 0 0 7732 7
14.5374 -36.7743 6.05139 -0.148382 0.698364 0.700194 255 0 0 7732 8
5.99992 -36.4551 9.70906 -0.937046 0.268301 0.223518 255 0 0 7732 0
12.8419 -20.8779 -3.056 0.824451 0.359019 0.437476 255 0 0 7732 9
12.7195 -20.7836 -3.05824 0.788222 0.469657 0.397654 255 0 0 7732 8
13.2534 -21.8058 -3.14887 0.808393 0.28835 0.51318 255 0 0 7732 8
15.5833 -25.8189 -2.89811 0.760809 0.477589 0.439408 255 0 0 7732 8
12.8672 -20.8333 -3.104 0.784989 0.443511 0.432539 255 0 0 7732 8
18.5314 -31.4215 2.609 -0.163384 0.906792 0.38863 255 0 0 7732 8
18.5215 -28.5 -2.98144 0.233165 0.773067 0.589917 255 0 0 7732 8
12.5599 -20.9431 -3.03264 0.802064 0.468473 0.370441 255 0 0 7732 8
18.4567 -31.4385 2.54691 -0.156088 0.904984 0.395777 255 0 0 7732 8
12.7606 -20.7423 -3.12923 0.735281 0.50254 0.454769 255 0 0 7732 8
13.0833 -21.7127 -2.95461 0.7848 0.362154 0.502924 255 0 0 7732 8
18.5303 -31.4167 2.47256 -0.199032 0.879001 0.433295 255 0 0 7732 8
14.8333 -23.8913 -3.0698 0.749003 0.325547 0.577073 255 0 0 7732 9
18.4412 -29.0741 0.00278777 0.323305 0.600318 0.731501 255 0 0 7732 8
13.0017 -21.1186 -3.12826 0.805279 0.385149 0.450763 255 0 0 7732 9
18.2733 -31.4327 2.38565 0.0344237 0.925532 0.377103 255 0 0 7732 8
12.7273 -21.1236 -2.95452 0.813587 0.3291 0.479343 255 0 0 7732 9
14.5972 -23.5659 -3.16408 0.523206 0.453534 0.7215 255 0 0 7732 9
12.7658 -20.8737 -2.78413 0.829696 0.351327 0.43379 255 0 0 7732 9
13.0039 -21.3138 -2.89843 0.822723 0.3385 0.456668 255 0 0 7732 8
14.9975 -25.2689 -2.93052 0.749241 0.462431 0.474127 255 0 0 7732 8
13.191 -20.8785 -3.64674 0.747754 0.381541 0.543406 255 0 0 7732 8
13.1715 -20.9678 -3.56726 0.770524 0.334029 0.542879 255 0 0 7732 9
12.9592 -20.9434 -3.54755 0.730237 0.450506 0.513613 255 0 0 7732 9
13.1667 -20.8854 -3.57715 0.745848 0.367856 0.555331 255 0 0 7732 9
13.1717 -20.5731 -3.90565 0.619499 0.555721 0.554432 255 0 0 7732 8
15.75 -25.2327 -3.91667 0.823431 0.341556 0.453102 255 0 0 7732 8
18.4841 -27.8387 -4.08342 0.304354 0.711024 0.633887 255 0 0 7732 8
13.1731 -20.75 -3.66346 0.694099 0.501405 0.516546 255 0 0 7732 8
12.9648 -20.8022 -3.31986 0.760485 0.516587 0.393447 255 0 0 7732 8
19.372 -31.2553 2.55367 0.100112 0.92602 0.363958 255 0 0 7732 8
13.1888 -20.8203 -3.65429 0.723064 0.448469 0.525409 255 0 0 7732 8
12.9776 -20.9458 -3.61148 0.688529 0.451563 0.567467 255 0 0 7732 9
19.2809 -35.9633 4.97224 -0.319439 0.0128761 0.947519 255 0 0 7732 4
14.5192 -23.2396 -3.38923 0.569401 0.598991 0.563021 255 0 0 7732 8
15.2415 -25.1099 -3.3515 0.693837 0.298037 0.655565 255 0 0 7732 9
13.0913 -20.7941 -3.47909 0.743456 0.366972 0.559111 255 0 0 7732 8
13.1055 -20.7233 -3.638 0.696458 0.49161 0.522748 255 0 0 7732 8
19.2805 -35.887 4.9503 -0.169301 0.0427585 0.984636 255 0 0 7732 0
13.0855 -20.8978 -3.40233 0.758632 0.419379 0.498597 255 0 0 7732 9
12.9482 -20.7273 -3.38842 0.672205 0.590175 0.447028 255 0 0 7732 8
13.2741 -20.6581 -3.89869 0.593843 0.518108 0.615561 255 0 0 7732 8
16.5081 -26.2209 -4.11325 0.761299 0.513081 0.396448 255 0 0 7732 8
13.8597 -20.8819 -5.23394 0.65765 0.29876 0.691548 255 0 0 7732 8
20.2999 -31.3529 2.54648 0.16857 0.919064 0.356239 255 0 0 7732 8
16.9368 -26.738 -4.22932 0.552416 0.70529 0.444299 255 0 0 7732 9
19.5499 -31.1778 1.38119 0.097018 0.948258 0.302314 255 0 0 7732 8
20.7075 -29.557 -0.967089 0.297424 0.623448 0.723085 255 0 0 7732 8
19.6257 -31.2005 1.54041 0.049201 0.922232 0.383494 255 0 0 7732 8
20.4568 -29.6322 -0.79556 0.4142 0.551164 0.724332 255 0 0 7732 8
16.3314 -25.9491 -4.70248 0.726689 0.43189 0.534223 255 0 0 7732 9
14.4661 -22.282 -5.20353 0.710721 0.505144 0.489597 255 0 0 7732 8
20.4522 -29.8825 -0.479859 0.253959 0.465524 0.847816 255 0 0 7732 8
16.4167 -25.9754 -4.31051 0.778959 0.465256 0.420427 255 0 0 7732 8
17.0227 -26.7305 -4.312 0.507897 0.689078 0.516925 255 0 0 7732 8
20.6978 -29.5369 -1.03421 0.301059 0.621511 0.723248 255 0 0 7732 8
13.4923 -21.1282 -4.86802 0.788378 0.334127 0.516546 255 0 0 7732 9
20.1975 -31.1667 0.791041 0.0412051 0.943338 0.329266 255 0 0 7732 8
20.3846 -29.6028 -1.03037 0.588148 0.584423 0.559045 255 0 0 7732 8
16.8984 -26.9332 -4.1926 0.569187 0.735257 0.368 255 0 0 7732 9
19.5517 -31.1889 1.71336 -0.103081 0.916347 0.386888 255 0 0 7732 8
20.4482 -29.9691 -0.400832 0.279882 0.461984 0.841568 255 0 0 7732 8
14.2669 -21.4746 -5.29565 0.766641 0.456363 0.451658 255 0 0 7732 8
16.9217 -25.9013 -5.31525 0.579337 0.372648 0.724915 255 0 0 7732 8
16.9167 -26.5 -4.58232 0.625431 0.641149 0.444706 255 0 0 7732 9
13.4871 -21.7501 -4.28106 0.723479 0.493023 0.483225 255 0 0 7732 8
15.7499 -24.1836 -5.11303 0.894353 0.312425 0.320192 255 0 0 7732 8
18.3808 -27.6922 -4.19657 0.217479 0.70233 0.677817 255 0 0 7732 8
20.5464 -31.152 2.44725 0.17779 0.936515 0.302209 255 0 0 7732 8
20.4555 -29.6479 -0.727671 0.321585 0.510613 0.797407 255 0 0 7732 8
16.6063 -26 -4.72148 0.784931 0.421906 0.453738 255 0 0 7732 8
13.4753 -21.6948 -4.36425 0.730146 0.422863 0.536726 255 0 0 7732 9
19.5416 -31.1363 2.70001 -0.00710915 0.924883 0.380186 255 0 0 7732 8
20.3657 -29.7358 -0.583333 0.126861 0.492167 0.861208 255 0 0 7732 8
20.3733 -31.3441 2.48637 0.200536 0.912585 0.356335 255 0 0 7732 8
14.2563 -21.3958 -5.31382 0.756502 0.461312 0.463569 255 0 0 7732 8
20.1084 -31.2267 2.85954 0.128917 0.896671 0.423512 255 0 0 7732 8
19.6386 -31.1985 1.45855 0.058278 0.925844 0.373385 255 0 0 7732 8
15.4166 -24.2688 -4.19705 0.85072 0.21933 0.47767 255 0 0 7732 8
16.8494 -26.3106 -4.79425 0.680131 0.513961 0.522749 255 0 0 7732 8
20.6175 -31.25 2.60541 0.137412 0.904566 0.403581 255 0 0 7732 8
20.6246 -31.1667 2.44243 0.198599 0.926593 0.31935 255 0 0 7732 8
15.6585 -25.2785 -4.0916 0.834874 0.295024 0.4647 255 0 0 7732 8
17.0993 -26.7321 -4.55653 0.547573 0.728878 0.410976 255 0 0 7732 8
14.4409 -22.3333 -4.58333 0.484733 0.650269 0.584965 255 0 0 7732 8
20.5353 -31.1651 2.51456 0.157629 0.934497 0.319168 255 0 0 7732 8
13.3021 -21.3724 -4.27847 0.804451 0.27097 0.528616 255 0 0 7732 8
17.4447 -26.9782 -4.48256 0.208756 0.814812 0.540835 255 0 0 7732 8
19.4338 -36.4589 5.10742 -0.286272 0.204001 0.936179 255 0 0 7732 0
12.6392 -37.8934 6.91773 0.293181 0.490734 0.820503 255 0 0 7732 0
21.0306 -30.0682 -0.738712 0.323764 0.568269 0.75647 255 0 0 7732 8
14.5 -21.6525 -5.55067 0.671737 0.49477 0.551336 255 0 0 7732 8
14.2291 -21.6139 -5.52984 0.772162 0.367976 0.518035 255 0 0 7732 8
16.5 -24.7305 -5.58074 0.836146 0.299148 0.45975 255 0 0 7732 8
16.8384 -25.5701 -5.39301 0.693299 0.449827 0.563021 255 0 0 7732 8
13.1172 -37.8002 7.41667 -0.131946 0.47802 0.868382 255 0 0 7732 0
16.682 -25.2157 -5.46544 0.755105 0.321607 0.571301 255 0 0 7732 8
20.9492 -29.9 -0.833333 0.305747 0.547842 0.778709 255 0 0 7732 8
14.6036 -21.1228 -6.06012 0.684852 0.288752 0.669029 255 0 0 7732 8
16.9481 -25.7888 -5.46701 0.601011 0.454957 0.657115 255 0 0 7732 8
13.0534 -37.7349 7.38785 -0.109419 0.442269 0.890183 255 0 0 7732 0
21.0584 -30.1763 -0.91675 0.309826 0.626616 0.715095 255 0 0 7732 8
21.3611 -30.1608 -0.75 0.243166 0.685883 0.685882 255 0 0 7732 8
15.0653 -22.6117 -6.03279 0.809833 0.360381 0.462922 255 0 0 7732 8
13.7329 -20.8684 -5.43486 0.481813 0.0778755 0.872806 255 0 0 7732 8
14.1742 -21.0534 -5.55824 0.735013 0.204476 0.646487 255 0 0 7732 8
16.5 -24.8161 -5.48442 0.840952 0.280362 0.462815 255 0 0 7732 8
21.3821 -30.3575 -0.773779 0.244863 0.692639 0.678449 255 0 0 7732 8
14.3632 -20.7133 -5.97064 0.760461 0.34615 0.549435 255 0 0 7732 8
17.0285 -25.7367 -5.54856 0.638927 0.515071 0.57138 255 0 0 7732 4
16.2185 -24.4546 -5.61106 0.776136 0.52698 0.346274 255 0 0 7732 8
21.3611 -30.1265 -0.793823 0.254063 0.697668 0.669859 255 0 0 7732 8
16.949 -25.8814 -5.38096 0.591648 0.415957 0.690603 255 0 0 7732 8
13.5438 -37.3809 6.95387 -0.0993547 0.68304 0.723592 255 0 0 7732 15
21.1208 -31.2945 2.37205 0.136895 0.91672 0.375345 255 0 0 7732 8
13.4102 -37.5446 7.10586 -0.113163 0.631504 0.767071 255 0 0 7732 15
14.1068 -20.3825 -5.81545 0.692759 0.323298 0.644642 255 0 0 7732 8
22.9886 -37.2146 4.98654 0.46604 0.0416002 0.883785 255 0 0 7732 8
14.9035 -21.5224 -6.68933 0.814345 0.311678 0.489591 255 0 0 7732 8
23.4388 -32.5 2.84808 0.329562 0.719847 0.610908 255 0 0 7732 8
23.4678 -36.6337 5.05019 0.430626 -0.276055 0.859276 255 0 0 7732 8
13.2006 -37.965 7.31178 -0.320009 0.632046 0.705771 255 0 0 7732 0
12.6117 -37.9799 7.00639 0.366977 0.462015 0.807385 255 0 0 7732 4
23.3712 -32.1442 2.45011 0.306857 0.722323 0.619748 255 0 0 7732 8
23.2063 -37.1262 4.88575 0.381246 -0.0325798 0.923899 255 0 0 7732 4
23.129 -37.2039 4.89263 0.401842 0.0217606 0.91545 255 0 0 7732 4
23.1404 -31.7107 1.91061 0.49839 0.416385 0.760415 255 0 0 7732 8
12.9526 -38.1051 7.49992 0.052445 0.626624 0.777555 255 0 0 7732 15
12.5512 -38.141 7.00061 0.242763 0.521103 0.81824 255 0 0 7732 7
22.9609 -38.1187 5.39018 0.138802 0.3585 0.923153 255 0 0 7732 0
23.1378 -37.066 4.89622 0.356333 -0.024429 0.934039 255 0 0 7732 4
23.2077 -32.0449 2.54053 0.26475 0.686517 0.677202 255 0 0 7732 8
23.0597 -37.1207 4.89772 0.381289 0.0282299 0.924025 255 0 0 7732 8
13.1728 -38.0102 7.30609 -0.319553 0.614951 0.720917 255 0 0 7732 15
23.2928 -32.1327 2.54277 0.243593 0.607579 0.755983 255 0 0 7732 8
23.1303 -37.7057 5.14258 0.419612 0.0850004 0.903715 255 0 0 7732 4
24.1173 -33.3918 3.4498 0.109412 0.543706 0.832113 255 0 0 7732 8
23.6843 -32.6534 2.86687 0.36215 0.664707 0.653462 255 0 0 7732 8
24.1291 -36.1274 4.97294 0.310085 -0.120436 0.943049 255 0 0 7732 8
23.7735 -32.999 3.16802 0.297905 0.677239 0.672756 255 0 0 7732 8
24.3776 -33.8611 3.63614 0.191354 0.762164 0.618458 255 0 0 7732 8
24.4578 -33.9647 4.11875 0.0798006 0.707982 0.701708 255 0 0 7732 8
24.2096 -36.0485 4.97192 0.295162 -0.120167 0.947861 255 0 0 7732 8
24.2958 -32.5834 2.07477 0.131448 0.733451 0.666912 255 0 0 7732 8
24.4371 -33.5703 3.68039 0.248049 0.724395 0.643214 255 0 0 7732 8
24.2922 -35.9752 5.02601 0.340217 -0.22323 0.913466 255 0 0 7732 8
24.3766 -33.9692 4.10321 0.0899687 0.71182 0.696576 255 0 0 7732 8
24.3609 -36.1077 5.19563 0.378443 -0.230529 0.896458 255 0 0 7732 8
24.3789 -35.8927 4.99329 0.329875 -0.279301 0.901761 255 0 0 7732 8
24.3693 -33.7429 3.86231 0.0328304 0.753048 0.657146 255 0 0 7732 8
24.3613 -35.9646 5.01787 0.345421 -0.181333 0.920762 255 0 0 7732 8
24.4565 -36.0481 4.97013 0.272977 -0.0089292 0.961979 255 0 0 7732 0
24.2082 -33.226 3.28163 0.108467 0.7214 0.683972 255 0 0 7732 8
24.3685 -36.2112 5.08614 0.211908 0.0480304 0.976109 255 0 0 7732 8
24.2184 -32.5938 2.13633 0.154878 0.744979 0.64886 255 0 0 7732 8
24.2218 -36.1261 4.91658 0.256483 -0.0341766 0.965944 255 0 0 7732 7
10.519 -38.4765 2.79095 -0.700064 -0.391614 0.597116 255 0 0 7732 8
24.6156 -33.3789 3.36975 0.174301 0.643995 0.744909 255 0 0 7732 8
10.6376 -38.6398 3.53471 -0.574525 -0.708945 0.409045 255 0 0 7732 7
22.1372 -39.0303 5.981 0.509997 0.275202 0.814964 255 0 0 7732 4
22.1113 -39.0474 6.0194 0.501384 0.294956 0.813397 255 0 0 7732 4
24.6352 -35.9384 5.34816 0.0335448 -0.192625 0.980699 255 0 0 7732 8
9.78437 -38.8529 2.88316 0.168389 -0.948317 -0.268962 255 0 0 7732 7
12.4425 -38.9859 6.57651 -0.744222 -0.241803 0.622628 255 0 0 7732 7
24.8982 -35.9591 5.32179 0.127093 -0.0417231 0.991013 255 0 0 7732 8
24.7872 -36.0536 4.91658 0.0192007 0.19171 0.981264 255 0 0 7732 0
24.7894 -35.955 5.42744 0.0852061 0.0178822 0.996203 255 0 0 7732 8
9.70232 -38.8417 2.79715 0.169065 -0.955964 -0.239894 255 0 0 7732 7
24.7083 -34.5829 4.75 -0.0225972 0.622948 0.781937 255 0 0 7732 8
9.86452 -38.8573 2.96143 0.171175 -0.946075 -0.275029 255 0 0 7732 7
24.5517 -33.9255 3.81161 0.199948 0.810182 0.551023 255 0 0 7732 8
24.8578 -35.946 5.36639 0.11562 0.00667914 0.993271 255 0 0 7732 0
24.868 -35.8844 5.41667 0.0910399 0.0372665 0.99515 255 0 0 7732 8
9.73181 -38.8333 2.80215 0.169464 -0.956095 -0.239091 255 0 0 7732 7
22.2233 -39.0146 5.9783 0.39887 0.349461 0.847809 255 0 0 7732 4
24.7869 -35.8864 5.41667 0.0689169 0.0291767 0.997196 255 0 0 7732 8
11.0443 -38.9642 4.71629 -0.801923 -0.552154 0.228136 255 0 0 7732 7
24.8698 -35.9885 4.93446 0.0296183 0.131848 0.990827 255 0 0 7732 0
11.9202 -40.6352 8.71803 -0.809029 -0.490972 0.323138 255 0 0 7732 0
12.2541 -39.7262 5.79875 -0.829544 -0.515078 0.215759 255 0 0 7732 0
20.6255 -41.367 7.72186 0.257547 0.461553 0.848904 255 0 0 7732 4
21.477 -39.7849 6.48842 0.580647 0.20923 0.786812 255 0 0 7732 4
24.3766 -40.8333 7.91667 -0.0369851 0.688446 0.724344 255 0 0 7732 0
21.7748 -39.8755 6.46292 0.320252 0.421282 0.848505 255 0 0 7732 4
25.1966 -35.9432 5.33407 0.02741 0.0117627 0.999555 255 0 0 7732 8
21.9469 -39.7111 6.47489 0.177713 0.273654 0.945268 255 0 0 7732 7
13.9704 -40.9694 1.68364 -0.339668 -0.920681 0.192283 255 0 0 7732 7
15.7924 -41.4715 -5.45752 -0.245745 -0.964696 -0.0947175 255 0 0 7732 9
21.8774 -39.8645 6.37226 0.499008 0.321185 0.80488 255 0 0 7732 7
25.2169 -35.9521 5.28839 0.00422374 0.0136596 0.999898 255 0 0 7732 8
20.5396 -41.3609 7.65089 0.344744 0.445121 0.82645 255 0 0 7732 4
12.4301 -39.0645 6.56032 -0.832993 -0.169954 0.526534 255 0 0 7732 0
20.368 -41.2945 7.68791 0.344427 0.434054 0.832447 255 0 0 7732 4
21.4632 -40.2846 6.63257 0.889018 -0.040989 0.456033 255 0 0 7732 4
12 -40.5694 9.05439 -0.829323 -0.477662 0.289934 255 0 0 7732 0
22.0153 -39.7745 6.53467 0.187418 0.234077 0.953983 255 0 0 7732 0
21.8695 -39.7662 6.31339 0.505471 0.270508 0.819344 255 0 0 7732 4
11.709 -40.5481 8.79914 -0.688817 -0.687186 0.230883 255 0 0 7732 7
13.7875 -40.9167 1.63654 -0.257423 -0.94526 0.200544 255 0 0 7732 7
20.7938 -41.4355 8.29751 -0.0687142 0.842706 0.533971 255 0 0 7732 7
11.6667 -40.6354 8.27592 -0.862889 -0.505083 -0.0177191 255 0 0 7732 0
11.6667 -40.5764 8.55052 -0.736771 -0.631454 0.241731 255 0 0 7732 0
21.8588 -39.7174 6.40749 0.307601 0.262067 0.914715 255 0 0 7732 0
11.545 -40.5526 8.20914 -0.584066 -0.780092 -0.224329 255 0 0 7732 0
14.2796 -41.0649 1.62561 -0.407832 -0.905673 0.115888 255 0 0 7732 7
25.2802 -35.9433 5.34002 0.0377366 -0.0197391 0.999093 255 0 0 7732 1
12.2135 -39.8576 -5.1975 -0.515312 -0.846151 0.135948 255 0 0 7732 9
21.5574 -40.0248 6.48743 0.425119 0.411087 0.8064 255 0 0 7732 4
14.9431 -41.3333 1.29849 -0.376143 -0.879168 0.29254 255 0 0 7732 7
25.2065 -35.8916 5.33948 -0.00395759 0.0511464 0.998683 255 0 0 7732 8
14.1919 -41.149 1.46014 -0.371321 -0.912917 0.169421 255 0 0 7732 7
14.1237 -41.1264 1.4649 -0.35815 -0.912995 0.195367 255 0 0 7732 7
13.4391 -40.5673 -5.20973 -0.557295 -0.825154 -0.0924331 255 0 0 7732 9
25.1261 -35.9695 4.95271 0.0375077 0.148826 0.988152 255 0 0 7732 0
20.3135 -40.9396 7.57658 0.391482 0.371542 0.841842 255 0 0 7732 7
12.7609 -40.6667 2.63842 -0.491627 -0.859981 0.136875 255 0 0 7732 7
21.4472 -40.3962 6.93054 0.423024 0.656553 0.624491 255 0 0 7732 4
21.71 -40.1254 6.79398 0.141337 0.646066 0.750081 255 0 0 7732 15
13.9483 -40.9167 1.66658 -0.310394 -0.916643 0.251837 255 0 0 7732 7
10.8885 -40.3521 6.90259 0.188034 -0.925599 -0.328497 255 0 0 7732 7
11.8836 -40.4766 8.86364 -0.65753 -0.67019 0.344237 255 0 0 7732 0
11.6183 -40.568 8.30196 -0.724728 -0.680325 -0.109209 255 0 0 7732 0
25.1234 -34.7297 4.91667 -0.0502016 0.506128 0.860996 255 0 0 7732 8
14.1918 -41.0833 1.5381 -0.393982 -0.909043 0.135713 255 0 0 7732 7
25.3718 -35.954 4.90625 -0.0971951 0.142527 0.985007 255 0 0 7732 1
11.9226 -40.4933 8.88762 -0.676571 -0.649922 0.346197 255 0 0 7732 0
11.634 -40.5736 8.2377 -0.701623 -0.691722 -0.171013 255 0 0 7732 0
25.1273 -35.9584 5.34619 0.0194447 0.0375387 0.999106 255 0 0 7732 1
21.8707 -39.7963 6.36984 0.392789 0.288821 0.873097 255 0 0 7732 4
21.519 -40.2937 6.61023 0.835032 0.076328 0.544882 255 0 0 7732 4
25.3743 -35.9636 4.92903 -0.113093 0.137674 0.984 255 0 0 7732 1
21.6156 -40.184 6.80415 0.235048 0.589647 0.772702 255 0 0 7732 4
11.4498 -40.4998 8.18962 -0.144878 -0.933395 -0.328305 255 0 0 7732 0
17.2883 -41.4167 -6.14953 0.0249894 -0.999284 -0.0284046 255 0 0 7732 9
21.458 -40.3771 6.87824 0.332336 0.699104 0.633093 255 0 0 7732 4
20.4846 -41.3402 7.65764 0.372284 0.431129 0.821908 255 0 0 7732 4
21.7921 -39.7878 6.37717 0.412081 0.306626 0.858003 255 0 0 7732 4
21.3889 -40.3628 6.72133 0.76554 0.284513 0.577063 255 0 0 7732 4
25.299 -35.9493 5.31576 0.00259916 -0.0153386 0.999879 255 0 0 7732 8
13.9743 -41.0101 1.69991 -0.364432 -0.924365 0.112861 255 0 0 7732 7
13.714 -40.955 1.70602 -0.264891 -0.953846 0.141457 255 0 0 7732 7
10.4972 -40.0833 6.26998 0.339889 -0.885319 -0.317311 255 0 0 7732 7
20.8825 -41.2224 8.2996 -0.0609949 0.734811 0.675524 255 0 0 7732 7
20.3676 -41.3652 7.77593 0.302897 0.52406 0.795999 255 0 0 7732 0
20.8007 -41.3183 8.60751 -0.11332 0.816982 0.565419 255 0 0 7732 7
21.954 -39.7136 6.51213 0.0177202 0.336514 0.941512 255 0 0 7732 4
20.4522 -41.3659 7.7034 0.340456 0.458904 0.820669 255 0 0 7732 4
14.1855 -41.1582 1.41369 -0.353546 -0.911038 0.212169 255 0 0 7732 7
21.6908 -42.6858 3.1959 -0.277745 -0.909711 0.30868 255 0 0 7732 7
12.0369 -40.5937 9.50597 0.260808 -0.869023 0.42045 255 0 0 7732 0
12.869 -40.3672 10.0424 0.0479996 0.860861 0.506572 255 0 0 7732 0
12.415 -41.0695 10.426 -0.575257 0.308828 0.757433 255 0 0 7732 0
13.1973 -40.4992 10.3493 0.260647 0.805278 0.532533 255 0 0 7732 0
19.3253 -42.6105 4.19999 -0.806435 -0.548236 0.221582 255 0 0 7732 7
23.7135 -41.5833 8.69351 0.0507052 0.796815 0.602092 255 0 0 7732 0
20.3819 -42.44 9.71813 0.330163 0.70145 0.631633 255 0 0 7732 0
21.3563 -42.6458 3.78974 -0.52768 -0.847067 0.0634942 255 0 0 7732 7
20.5421 -41.8863 9.36458 -0.0135599 0.923699 0.382878 255 0 0 7732 7
14.876 -42.1498 11 0.143044 0.28492 0.947818 255 0 0 7732 4
19.0422 -41.6667 9.06172 0.144925 0.569304 0.809253 255 0 0 7732 4
24.3819 -42.7239 10.7859 -0.185938 0.436465 0.880298 255 0 0 7732 0
12.4632 -40.4494 9.79514 0.0181374 0.600719 0.799254 255 0 0 7732 0
12.316 -40.369 9.63879 0.49238 0.397229 0.774449 255 0 0 7732 7
20.14 -42.25 9.64421 0.407432 0.753851 0.515468 255 0 0 7732 0
12.4334 -40.0665 9.69799 0.621662 0.586593 0.519081 255 0 0 7732 6
12.8799 -40.5768 10.6381 0.319997 0.464389 0.8258 255 0 0 7732 0
20.2365 -42.6698 9.99944 0.431838 0.608562 0.66571 255 0 0 7732 0
12.0579 -40.5335 9.80942 0.550213 -0.720606 0.421892 255 0 0 7732 0
20.4583 -42.1973 9.45965 0.202449 0.731797 0.650759 255 0 0 7732 7
21.2779 -42.8025 4.02237 -0.647002 -0.626487 -0.43463 255 0 0 7732 7
20.3635 -43.044 10.0503 0.813818 -0.0342348 0.580111 255 0 0 7732 0
17.6216 -41.5891 -6.38388 0.236456 -0.961382 0.140833 255 0 0 7732 9
20.4738 -42.2501 9.48437 0.21084 0.734163 0.645407 255 0 0 7732 0
20.6249 -41.8884 9.3567 -0.0242736 0.923558 0.382689 255 0 0 7732 7
20.4608 -42.571 10.2627 0.0278964 0.714742 0.698832 255 0 0 7732 6
12.2565 -40.2214 9.94476 0.809614 0.273451 0.519375 255 0 0 7732 0
21.1689 -43.0555 4.78828 -0.821405 -0.561448 -0.10035 255 0 0 7732 7
12.9516 -40.7148 10.6912 0.323407 0.446419 0.834337 255 0 0 7732 0
21.3008 -42.8953 4.09892 -0.625859 -0.597642 -0.501124 255 0 0 7732 7
20.306 -43.3741 9.89134 0.541774 -0.520205 0.660202 255 0 0 7732 6
20.3636 -43.3612 10.2002 0.607741 -0.399233 0.686486 255 0 0 7732 0
21.1967 -42.7193 4.03037 -0.656767 -0.661385 -0.362252 255 0 0 7732 7
12.7928 -40.3866 10.1174 0.0354926 0.855371 0.516798 255 0 0 7732 0
24.624 -41.9005 9.19304 -0.111088 0.901668 0.417917 255 0 0 7732 0
11.8678 -40.4663 9.29187 -0.266439 -0.837602 0.476901 255 0 0 7732 4
20.4431 -41.7581 8.80706 0.234134 0.801196 0.550697 255 0 0 7732 7
12.0109 -40.5512 9.14205 -0.815966 -0.47974 0.322568 255 0 0 7732 0
20.3637 -43.2618 9.95609 0.611878 -0.405897 0.678862 255 0 0 7732 6
24.5453 -42.742 0.916583 0.10404 -0.63282 0.767277 255 0 0 7732 7
20.5269 -42.1943 9.44474 0.192186 0.727422 0.658728 255 0 0 7732 7
12.0332 -40.5952 9.84488 0.525793 -0.764058 0.373841 255 0 0 7732 0
12.3506 -40.0552 9.77169 0.761013 0.419286 0.495033 255 0 0 7732 4
21.6857 -42.7471 2.89519 -0.387821 -0.891109 0.235627 255 0 0 7732 7
12.9536 -40.6046 10.0571 0.113179 0.817604 0.564548 255 0 0 7732 7
16.7133 -41.7614 -5.02481 -0.114375 -0.98179 0.151678 255 0 0 7732 9
12.7938 -40.3673 10.0455 0.00816133 0.874882 0.484267 255 0 0 7732 0
20.2634 -42.077 9.6102 0.213129 0.823618 0.525576 255 0 0 7732 7
22.5464 -42.9759 10.7628 -0.0236239 0.458399 0.888433 255 0 0 7732 0
22.1217 -43 2.46558 -0.107562 -0.978024 0.178604 255 0 0 7732 7
12.0344 -40.5 9.24112 -0.700647 -0.605469 0.377492 255 0 0 7732 0
12.8849 -40.4439 10.4387 0.0352051 0.834472 0.549924 255 0 0 7732 0
21.1667 -42.989 4.76887 -0.778409 -0.61902 -0.104372 255 0 0 7732 7
21.3377 -42.7229 3.94266 -0.72778 -0.630603 -0.269586 255 0 0 7732 7
21.2907 -42.5761 3.62709 -0.214596 -0.944409 0.249078 255 0 0 7732 8
13.651 -41.1919 10.4114 0.619916 0.114815 0.776223 255 0 0 7732 0
11.8879 -40.4151 9.29649 -0.309152 -0.788298 0.531988 255 0 0 7732 0
21.688 -42.6667 3.15204 -0.213873 -0.909702 0.35595 255 0 0 7732 0
20.4156 -43.0458 9.37639 -0.935319 -0.306337 0.17702 255 0 0 7732 0
21.2187 -42.7816 4.04718 -0.621729 -0.609477 -0.491926 255 0 0 7732 7
13.2011 -40.5638 10.4398 0.325188 0.705415 0.629796 255 0 0 7732 0
12.459 -40.3778 9.61921 0.226231 0.550323 0.803719 255 0 0 7732 0
12.7804 -40.6209 10.6088 0.197512 0.542186 0.816715 255 0 0 7732 0
12.5626 -40.4299 9.71118 -0.0393669 0.635529 0.771073 255 0 0 7732 4
13.0376 -40.4695 9.86514 0.172659 0.794292 0.582485 255 0 0 7732 0
11.8919 -40.3726 9.35663 -0.238049 -0.775487 0.584768 255 0 0 7732 6
23.8812 -42.8865 10.8597 0.140128 0.418509 0.897337 255 0 0 7732 7
12.9508 -40.6308 10.6112 0.290166 0.533157 0.794699 255 0 0 7732 0
20.9629 -42.7293 4.07521 0.616277 -0.683176 0.391757 255 0 0 7732 7
13.3489 -41.1543 10.8333 0.243921 0.229686 0.942203 255 0 0 7732 4
20.9457 -43.0211 4.25047 0.46672 -0.762126 0.448704 255 0 0 7732 4
20.4007 -41.7501 8.74198 0.310499 0.787733 0.53204 255 0 0 7732 4
20.4647 -41.8857 9.36213 0.0481797 0.907256 0.41781 255 0 0 7732 7
21.2862 -42.5639 3.71062 -0.256128 -0.94675 0.195095 255 0 0 7732 7
20.3694 -43.2948 10.2126 0.648229 -0.217598 0.729692 255 0 0 7732 0
12.6278 -40.1793 9.41471 0.119422 0.569018 0.813608 255 0 0 7732 0
12.6359 -40.6376 10.5942 0.00162107 0.751072 0.660219 255 0 0 7732 4
20.3706 -42.2402 9.93072 0.152152 0.798954 0.581827 255 0 0 7732 7
23.2086 -41.9035 9.1847 0.0551943 0.875189 0.480622 255 0 0 7732 0
12.8595 -40.704 10.2846 0.0187653 0.723605 0.689959 255 0 0 7732 0
12.7927 -40.7196 10.6823 0.264483 0.420274 0.867997 255 0 0 7732 0
20.4637 -42.238 9.93131 0.105867 0.794278 0.59826 255 0 0 7732 7
12.6263 -40.5507 10.5317 0.117665 0.781793 0.612336 255 0 0 7732 0
12.391 -40.3687 9.55924 0.29377 0.537095 0.790714 255 0 0 7732 0
24.6283 -41.75 8.85456 -0.0161446 0.862155 0.506388 255 0 0 7732 0
21.533 -42.4632 3.28933 -0.0719206 -0.697336 0.713127 255 0 0 7732 7
20.4448 -42.2324 9.86234 0.122896 0.790469 0.600046 255 0 0 7732 7
12.4542 -40.2053 9.85544 0.68447 0.536971 0.493116 255 0 0 7732 4
13.037 -40.4497 9.72328 0.171779 0.785516 0.594522 255 0 0 7732 4
20.6239 -42.5738 10.2511 0.0205966 0.620887 0.783629 255 0 0 7732 6
20.3473 -43.2909 10.25 0.619171 -0.196872 0.760177 255 0 0 7732 0
20.4399 -41.7943 8.86843 0.246896 0.791177 0.559536 255 0 0 7732 7
20.5447 -42.7086 10.3022 0.0310341 0.671892 0.739999 255 0 0 7732 0
20.2884 -42.6406 10.25 0.29681 0.492978 0.817849 255 0 0 7732 7
23.2048 -42.8965 10.7685 -0.0965074 0.470489 0.877112 255 0 0 7732 0
20.3428 -43.4593 10.0405 0.573342 -0.71347 0.40279 255 0 0 7732 0
12.3763 -40.2986 9.5433 0.267933 0.543378 0.795583 255 0 0 7732 0
21.7039 -42.8105 2.88659 -0.38662 -0.895498 0.220475 255 0 0 7732 7
12.0833 -40.7578 9.45351 -0.895651 0.0751362 0.438364 255 0 0 7732 0
20.2996 -43.2997 9.96432 0.600964 -0.40804 0.687275 255 0 0 7732 6
21.4459 -42.4759 3.37335 -0.0780972 -0.664785 0.742942 255 0 0 7732 7
12.7016 -40.6793 10.5736 -0.0549367 0.640084 0.766338 255 0 0 7732 0
12.8687 -41.0509 10.8333 0.130528 0.191058 0.972862 255 0 0 7732 0
21.2165 -42.541 3.71751 -0.152132 -0.961002 0.230933 255 0 0 7732 7
24.8864 -42.5833 1.05643 0.121215 -0.899265 0.420273 255 0 0 7732 7
12.7769 -40.4665 10.4587 0.0620183 0.8201 0.568849 255 0 0 7732 0
12.8662 -40.8929 10.75 0.194286 0.304918 0.932351 255 0 0 7732 0
11.9287 -40.4844 9.24994 -0.452706 -0.781028 0.430177 255 0 0 7732 0
20.5407 -42.628 10.2816 0.0281857 0.674554 0.737687 255 0 0 7732 0
20.2743 -42.6359 10.0299 0.411803 0.603523 0.682772 255 0 0 7732 0
12.106 -40.5061 9.8012 0.558666 -0.701826 0.441963 255 0 0 7732 0
13.0393 -40.5001 9.81668 0.193701 0.789459 0.582438 255 0 0 7732 4
20.6667 -42.8073 9.74548 -0.805421 -0.294962 0.514096 255 0 0 7732 0
15.7926 -41.6703 -5.12896 0.100258 -0.945718 0.309138 255 0 0 7732 9
12.8658 -40.6344 10.6728 0.316155 0.46308 0.828012 255 0 0 7732 0
22.1075 -43.2416 3.36671 -0.479891 -0.80175 -0.356232 255 0 0 7732 7
20.4609 -42.2694 9.54787 0.217154 0.750323 0.624388 255 0 0 7732 0
20.4607 -42.5361 9.79597 0.319286 0.748504 0.581204 255 0 0 7732 0
12.8148 -40.8881 10.7546 0.155342 0.287698 0.945039 255 0 0 7732 0
12.2166 -40.2069 9.71597 0.729623 0.128612 0.671647 255 0 0 7732 0
21.2294 -42.5691 3.6323 -0.156054 -0.953116 0.259261 255 0 0 7732 7
23.3635 -41.8864 9.17561 -0.0198285 0.899348 0.436783 255 0 0 7732 0
26.5619 -43.25 3.4501 0.284269 -0.897156 -0.338086 255 0 0 7732 0
27.9603 -42.8439 -1.34781 0.335557 -0.885887 -0.320322 255 0 0 7732 8
26.7188 -36.4482 4.98684 0.184036 0.150441 0.971338 255 0 0 7732 0
28.807 -41.2724 8.39752 0.43204 0.655328 0.619585 255 0 0 7732 0
28.2111 -43.2564 10.8333 0.252458 -0.388964 0.885986 255 0 0 7732 0
26.6467 -36.2032 5.5 -0.309334 -0.0877306 0.946898 255 0 0 7732 8
26.1945 -35.0652 5.16667 -0.0675262 0.323762 0.943726 255 0 0 7732 8
25.5455 -35.7959 5.41667 -0.095905 0.103709 0.989973 255 0 0 7732 8
27.9572 -38.6337 6.37087 -0.0393791 0.573826 0.81803 255 0 0 7732 0
27.0376 -42.3333 1.41658 0.0387648 -0.798492 0.600756 255 0 0 7732 8
29.1864 -42.7653 3.28163 0.0612469 -0.915113 0.398518 255 0 0 7732 8
25.4622 -42.403 1.0517 0.117587 -0.839729 0.530121 255 0 0 7732 7
26.4545 -43.7612 10.698 0.212636 -0.765916 0.606761 255 0 0 7732 0
28.9543 -41.5962 8.5448 0.524878 0.477486 0.704634 255 0 0 7732 0
27.1172 -35.7887 5.22207 0.168431 0.139691 0.975765 255 0 0 7732 8
27.8605 -43.1 -1.02191 0.288714 -0.870714 -0.398123 255 0 0 7732 8
26.7265 -35.4642 5.33333 -0.0348567 0.18308 0.98248 255 0 0 7732 8
26.483 -43.3112 3.50049 0.229514 -0.91451 -0.33316 255 0 0 7732 0
28.4781 -42.2531 3.62942 -0.316696 -0.947439 0.0454234 255 0 0 7732 8
27.755 -43.8334 10.0069 0.271563 -0.904475 0.328905 255 0 0 7732 0
28.4308 -39.8628 7.04877 0.126028 0.563034 0.816767 255 0 0 7732 7
28.7729 -42.6708 -0.369145 0.327541 -0.84909 -0.414443 255 0 0 7732 8
26.9543 -43.2829 10.9438 -0.0411289 -0.0485348 0.997974 255 0 0 7732 0
27.8692 -38.729 6.5 -0.104436 0.600797 0.79255 255 0 0 7732 0
27.0258 -43.2157 11 -0.0190635 -0.0375844 0.999112 255 0 0 7732 0
28.1212 -39.0412 6.83333 0.129556 0.519945 0.844318 255 0 0 7732 0
27.1201 -43.5047 10.8517 0.0951725 -0.632274 0.768877 255 0 0 7732 0
26.1481 -35.9723 5.5 -0.367409 -0.0558028 0.928384 255 0 0 7732 8
26.0287 -36.0487 5.40225 -0.342256 -0.194626 0.919229 255 0 0 7732 8
27.541 -42.9469 10.7319 0.142618 0.392168 0.908771 255 0 0 7732 0
27.5394 -43.2923 11.036 0.000522747 -0.278403 0.960464 255 0 0 7732 0
27.7885 -43.1241 11.0019 0.200757 -0.123976 0.971765 255 0 0 7732 0
27.9593 -35.4591 5.35552 -0.111108 0.18166 0.977064 255 0 0 7732 8
27.9492 -38.789 6.53237 -0.126162 0.623112 0.771891 255 0 0 7732 0
27.7771 -43.1366 11.0833 0.18938 -0.151319 0.970174 255 0 0 7732 0
27.3848 -36.3629 5.34252 -0.159062 -0.364126 0.917666 255 0 0 7732 8
27.9639 -38.8054 6.6155 -0.195408 0.625123 0.75567 255 0 0 7732 0
27.7071 -37.6978 5.06133 0.248059 0.45006 0.857853 255 0 0 7732 0
27.8472 -38.1327 6 -0.0487792 0.538947 0.840926 255 0 0 7732 0
27.0505 -42.2977 1.53086 0.106451 -0.882942 0.457255 255 0 0 7732 8
28.4541 -43.4601 10.2039 0.472613 -0.872947 0.120836 255 0 0 7732 0
27.9773 -38.9069 6.69942 -0.117225 0.61739 0.777874 255 0 0 7732 0
27.936 -42.9167 -1.19964 0.327875 -0.864705 -0.380503 255 0 0 7732 8
28.6378 -42.5742 -0.301938 0.310748 -0.890736 -0.331701 255 0 0 7732 8
29.2061 -41.5227 -4.04848 0.228264 -0.932567 -0.27967 255 0 0 7732 1
28.2696 -42.8447 -0.784059 0.460174 -0.797065 -0.391059 255 0 0 7732 8
27.154 -43 -1.40407 0.26735 -0.861366 -0.43194 255 0 0 7732 1
27.2846 -43.6056 10.6796 0.0833561 -0.755103 0.650286 255 0 0 7732 0
28.1905 -43.1357 10.8658 0.28501 -0.217716 0.933472 255 0 0 7732 0
26.4656 -36.2779 5.4248 -0.256802 -0.221344 0.940776 255 0 0 7732 8
27.7091 -38.2501 5.9023 -0.264248 0.546881 0.794415 255 0 0 7732 0
27.7968 -39.3235 6.92023 -0.0556154 0.61129 0.78945 255 0 0 7732 0
28.346 -41.8931 2.22416 -0.468042 -0.688575 0.553897 255 0 0 7732 1
27.7068 -43.2161 10.9466 0.141831 -0.219302 0.965293 255 0 0 7732 0
27.5478 -38.0745 6.00741 -0.142734 0.625468 0.767083 255 0 0 7732 0
26.7999 -43.9167 10.1789 0.131959 -0.908346 0.396855 255 0 0 7732 0
27.7651 -41.8334 -4.6854 0.266769 -0.929277 -0.255497 255 0 0 7732 9
28.394 -41.9351 2.28807 -0.561347 -0.64362 0.520233 255 0 0 7732 8
27.6208 -36.0475 5.5 0.00499487 0.050024 0.998736 255 0 0 7732 8
27.0602 -36.242 5.58333 -0.0727404 0.232015 0.969989 255 0 0 7732 1
26.4625 -36.2003 4.98081 0.202239 0.361627 0.910123 255 0 0 7732 4
26.0768 -36.0553 5.44064 -0.352998 -0.158746 0.922059 255 0 0 7732 0
28.2179 -42.8117 -0.21594 0.391585 -0.863079 -0.318991 255 0 0 7732 8
27.4549 -36.7113 5.38321 -0.536558 -0.393064 0.74673 255 0 0 7732 8
27.6354 -42.1485 1.73252 -0.0551511 -0.809771 0.584148 255 0 0 7732 7
26.2103 -36.1187 5.44752 -0.329093 -0.152097 0.931968 255 0 0 7732 8
28.2736 -43.1242 10.8507 0.308522 -0.26053 0.914843 255 0 0 7732 0
26.8794 -36.2936 5.52468 -0.229488 0.0133269 0.97322 255 0 0 7732 8
28.3634 -42.8623 -0.868127 0.411354 -0.811016 -0.415982 255 0 0 7732 8
27.3763 -42.6187 10.3849 0.0973666 0.731154 0.675229 255 0 0 7732 0
28.038 -41.6739 8.89298 -0.168651 0.767536 0.618421 255 0 0 7732 0
27.862 -42.9703 10.9224 0.307457 0.226399 0.924237 255 0 0 7732 0
27.7766 -42.4868 10.5859 0.144404 0.615631 0.774691 255 0 0 7732 0
27.5235 -37.3143 5.10212 0.138435 0.239216 0.961047 255 0 0 7732 0
27.886 -42.6667 -1.3183 0.30294 -0.85678 -0.417318 255 0 0 7732 8
27.1212 -34.5494 4.95683 -0.0495093 0.437773 0.897721 255 0 0 7732 8
27.123 -43.4306 10.9167 0.0462609 -0.524041 0.850436 255 0 0 7732 0
27.9547 -42.8065 -1.35079 0.322115 -0.883591 -0.339867 255 0 0 7732 8
27.7991 -43.2091 10.9779 0.166234 -0.222141 0.960739 255 0 0 7732 0
29.4791 -42.376 8.5446 -0.0482099 -0.964557 0.259432 255 0 0 7732 0
26.4515 -43.3127 11 0.193389 -0.0396495 0.980321 255 0 0 7732 0
25.7709 -35.9825 4.95214 -0.0653444 0.0791906 0.994716 255 0 0 7732 8
29.627 -42.6992 0.897595 0.248449 -0.940014 -0.233768 255 0 0 7732 1
27.5201 -43.8334 10.1014 0.252077 -0.897675 0.361438 255 0 0 7732 0
27.7023 -42.2394 1.65284 -0.117598 -0.745296 0.656281 255 0 0 7732 4
28.6942 -42.6737 -0.527743 0.291327 -0.902421 -0.317433 255 0 0 7732 8
26.8758 -43.2916 10.9286 -0.0379271 0.0387184 0.99853 255 0 0 7732 0
28.226 -43.2258 10.8247 0.256695 -0.349407 0.901123 255 0 0 7732 0
27.7771 -42.5055 -2.11005 0.223393 -0.93706 -0.268355 255 0 0 7732 8
26.9526 -42.3288 1.45684 0.0846957 -0.837005 0.5406 255 0 0 7732 7
27.8603 -43.0365 10.9396 0.331219 0.0408158 0.942671 255 0 0 7732 0
25.7067 -35.9568 4.90654 -0.0532312 0.0467694 0.997486 255 0 0 7732 8
28.7 -41.6098 9.12271 0.147838 0.857978 0.491953 255 0 0 7732 0
26.6363 -36.2878 5.41442 -0.308936 -0.147574 0.939564 255 0 0 7732 1
26.6139 -43.4168 10.9167 0.169298 -0.322459 0.931321 255 0 0 7732 0
29.268 -41.7004 8.7822 -0.102797 0.484241 0.868875 255 0 0 7732 0
28.7376 -42.7746 2.95498 -0.375526 -0.841021 0.38944 255 0 0 7732 8
27.9637 -39.3011 6.91667 -0.0338191 0.52581 0.849929 255 0 0 7732 0
28.1911 -41.738 2.14847 -0.426692 -0.710404 0.559697 255 0 0 7732 8
29.4608 -42.2903 8.37363 -0.444289 -0.876046 0.187485 255 0 0 7732 0
27.6321 -42.4751 10.5207 -0.0264295 0.608856 0.79284 255 0 0 7732 0
28.0642 -42.5753 -1.2341 0.295216 -0.88884 -0.350444 255 0 0 7732 8
26.1409 -36.1123 5.45111 -0.366327 -0.188385 0.911216 255 0 0 7732 8
27.789 -43.2022 11.0081 0.175929 -0.185386 0.966789 255 0 0 7732 0
26.6261 -36.2831 5.44361 -0.29546 -0.090786 0.951032 255 0 0 7732 1
28.391 -39.7708 6.99992 0.0711052 0.50978 0.857362 255 0 0 7732 1
28.7991 -42.788 2.95878 -0.359899 -0.851109 0.382212 255 0 0 7732 1
28.3708 -39.6456 7.16667 -0.0574026 0.528109 0.847234 255 0 0 7732 0
26.3818 -42.5833 1.941 0.158463 -0.916828 -0.366492 255 0 0 7732 7
27.0162 -42.3853 1.41658 0.0309402 -0.787498 0.61554 255 0 0 7732 8
26.9642 -43.2118 10.947 -0.04538 0.00550834 0.998955 255 0 0 7732 0
26.4598 -43.8732 10.695 0.21595 -0.833362 0.508796 255 0 0 7732 7
27.1157 -36.2849 5.53352 -0.0757521 0.18918 0.979016 255 0 0 7732 1
28.794 -41.7771 9.051 0.250028 0.802562 0.541645 255 0 0 7732 0
25.6297 -35.7155 5.42932 -0.104079 0.130705 0.985943 255 0 0 7732 8
27.6169 -43.2084 11.0214 0.0778515 -0.243482 0.966776 255 0 0 7732 0
26.461 -36.2907 5.3921 -0.253745 -0.206358 0.945002 255 0 0 7732 8
28.8006 -42.8545 2.96551 -0.317167 -0.838514 0.443056 255 0 0 7732 8
25.717 -42.9764 10.941 0.0797302 0.380292 0.921423 255 0 0 7732 0
28 -42.8439 -1.27845 0.334838 -0.882159 -0.331179 255 0 0 7732 8
27.3746 -42.25 1.57068 0.0359413 -0.818373 0.573563 255 0 0 7732 7
25.9642 -34.0833 4.33657 -0.0824549 0.720797 0.688224 255 0 0 7732 8
26.4695 -43.8899 10.6004 0.211311 -0.837794 0.503438 255 0 0 7732 7
26.3635 -43.3792 11.0044 0.184407 -0.0450932 0.981815 255 0 0 7732 0
25.6141 -34.25 4.52153 -0.0125498 0.761514 0.648027 255 0 0 7732 8
26.9585 -42.3566 1.45047 0.073401 -0.845171 0.529432 255 0 0 7732 1
26.2083 -36.2077 5.37969 -0.332887 -0.192036 0.923206 255 0 0 7732 0
26.222 -43.3641 11.0833 0.119244 -0.0138196 0.992769 255 0 0 7732 0
27.2923 -36.2869 5.31288 -0.0464794 -0.198478 0.979003 255 0 0 7732 8
27.4702 -38.0227 5.55168 0.334332 0.676348 0.656335 255 0 0 7732 0
25.6193 -34.2965 4.60321 -0.0325237 0.761204 0.647696 255 0 0 7732 8
29.5372 -42.3566 8.60594 -0.0113193 -0.94382 0.330268 255 0 0 7732 0
26.8546 -36.4681 5.20226 -0.132102 -0.272779 0.952964 255 0 0 7732 0
25.4581 -35.9792 4.92917 -0.131464 0.11887 0.984168 255 0 0 7732 8
26.4536 -36.2169 5.02927 0.223554 0.393529 0.891716 255 0 0 7732 0
26.3627 -34.6607 4.91667 0.0289797 0.530133 0.847419 255 0 0 7732 8
28.9386 -43.3514 8.62787 0.629696 -0.773921 -0.067294 255 0 0 7732 7
28.0517 -38.9713 6.78138 0.0857973 0.578506 0.811154 255 0 0 7732 0
27.8841 -38.6382 6.36578 -0.0724221 0.553947 0.829396 255 0 0 7732 0
27.8714 -38.7179 6.44467 -0.0825379 0.585343 0.806574 255 0 0 7732 0
25.8681 -35.8778 5.5 -0.0366796 -0.255751 0.966047 255 0 0 7732 8
27.535 -37.8942 5.75 0.0153011 0.690113 0.72354 255 0 0 7732 0
28.3703 -41.88 2.29269 -0.52951 -0.688983 0.494895 255 0 0 7732 8
27.4682 -37.9453 5.47172 0.376871 0.642779 0.666936 255 0 0 7732 0
28.7193 -41.6667 8.91658 0.207989 0.76222 0.612994 255 0 0 7732 0
28.9128 -41.5173 8.55987 0.571056 0.476468 0.668486 255 0 0 7732 0
26.2092 -34.1845 4.2267 0.0704525 0.731242 0.67847 255 0 0 7732 8
26.0313 -36.1358 4.99992 -0.0385545 0.157691 0.986736 255 0 0 7732 0
25.5553 -42.4167 0.99513 0.061215 -0.779421 0.623503 255 0 0 7732 7
28.0657 -42.4962 3.44942 0.345355 -0.937581 -0.0408921 255 0 0 7732 8
28.1414 -43.1039 10.9167 0.268766 -0.189211 0.944439 255 0 0 7732 0
27.4552 -43.9218 6.06054 0.345751 -0.932136 -0.107603 255 0 0 7732 0
27.0445 -44.0001 9.94308 0.12038 -0.976587 0.178285 255 0 0 7732 7
26.9293 -44.1705 9.11863 0.163535 -0.979703 0.115926 255 0 0 7732 0
31.1345 -41.6389 2.22987 0.45189 -0.844756 0.286676 255 0 0 7732 7
30.8806 -41.6667 2.62703 0.36446 -0.882587 0.297 255 0 0 7732 4
30.631 -41.75 3.46287 0.279163 -0.947599 0.15532 255 0 0 7732 4
31.2228 -42.1469 2.04912 0.575238 -0.760437 0.301393 255 0 0 7732 8
29.9541 -41.4072 4.62907 -0.278966 -0.932057 0.231186 255 0 0 7732 7
30.6402 -41.75 3.21574 0.389448 -0.899462 0.198237 255 0 0 7732 7
31.2586 -42.1708 1.96198 0.577437 -0.802169 0.151959 255 0 0 7732 1
29.77 -41.1528 5.39416 -0.718664 -0.593871 0.361717 255 0 0 7732 7
30.8828 -41.5738 2.8788 0.116343 -0.976861 0.179462 255 0 0 7732 7
30.1203 -41.4841 4.46765 -0.16987 -0.926848 0.334808 255 0 0 7732 7
30.7953 -41.7043 2.95547 0.256972 -0.947863 0.18847 255 0 0 7732 7
29.7108 -41.1276 5.29144 -0.692177 -0.592862 0.411589 255 0 0 7732 8
30.8178 -41.6667 2.89934 0.241888 -0.946239 0.21476 255 0 0 7732 4
31.2048 -42.1142 1.94967 0.561099 -0.77958 0.278251 255 0 0 7732 8
29.7792 -41.1467 5.4668 -0.752734 -0.578367 0.314456 255 0 0 7732 7
30.0244 -41.4147 4.71825 -0.372688 -0.91362 0.162486 255 0 0 7732 8
30.7491 -41.7292 2.90587 0.354749 -0.902802 0.243108 255 0 0 7732 7
31.2213 -41.5699 2.46357 0.455708 -0.862657 0.219439 255 0 0 7732 7
31.2582 -42.1767 2.08333 0.586396 -0.747973 0.310928 255 0 0 7732 7
30.2346 -41.8227 3.64836 0.254569 -0.876579 0.408416 255 0 0 7732 7
30.9601 -41.6495 2.8731 0.0601765 -0.99812 0.0116696 255 0 0 7732 7
30.1187 -41.3933 4.38002 -0.048255 -0.926109 0.374158 255 0 0 7732 7
30.7816 -43.2973 9.9491 -0.486345 -0.871574 0.0618633 255 0 0 7732 0
31.152 -41.6667 2.16121 0.471788 -0.828319 0.302164 255 0 0 7732 7
31.2656 -42.0276 1.94779 0.589474 -0.751198 0.297024 255 0 0 7732 8
30.8758 -41.7095 2.6249 0.392581 -0.872384 0.291249 255 0 0 7732 7
29.6889 -42.2462 8.65049 -0.1135 -0.891291 0.438997 255 0 0 7732 7
8.84311 -7.74879 -1.48047 0.887883 0.38914 0.245426 255 0 0 7732 1
8.51047 -4.78822 -1.87141 0.907431 0.262822 0.327863 255 0 0 7732 1
8.83325 -8.88045 -1.86547 0.945121 0.263665 0.192944 255 0 0 7732 1
8.66667 -6.30359 -1.74199 0.890922 0.289509 0.349919 255 0 0 7732 1
8.50852 -4.80508 -1.8235 0.900027 0.30092 0.315276 255 0 0 7732 9
8.84031 -7.6384 -1.38588 0.895164 0.346065 0.280928 255 0 0 7732 9
8.49819 -6.86449 -1.37486 0.867308 0.280794 0.411014 255 0 0 7732 1
8.41667 -5.39995 -0.815167 0.936372 0.319039 0.14636 255 0 0 7732 1
8.5 -4.63918 -1.77409 0.901816 0.303312 0.30778 255 0 0 7732 1
9.03253 -8.9448 -1.54291 0.846308 0.384663 0.368506 255 0 0 7732 9
8.40564 -5.78621 -1.70063 0.912096 0.313066 0.264708 255 0 0 7732 9
8.67946 -6.21185 -1.78777 0.898996 0.30232 0.316874 255 0 0 7732 8
9.01056 -8.89409 -1.56055 0.835574 0.413123 0.36214 255 0 0 7732 9
9 -8.44723 -1.78553 0.921738 0.109734 0.371965 255 0 0 7732 9
8.58325 -7.10766 -1.70783 0.936321 0.28532 0.204684 255 0 0 7732 1
8.83333 -7.73744 -1.54465 0.893498 0.396185 0.211419 255 0 0 7732 13
9 -8.65553 -1.82715 0.841967 0.165949 0.513374 255 0 0 7732 9
8.83325 -8.76429 -1.77513 0.916947 0.250897 0.310257 255 0 0 7732 9
8.4128 -5.43438 -1.88191 0.895506 0.395561 0.203962 255 0 0 7732 1
8.66667 -6.13512 -1.79815 0.916334 0.298383 0.267021 255 0 0 7732 1
8.50774 -5.29463 -1.38473 0.957794 0.083826 0.27496 255 0 0 7732 1
8.83984 -7.80349 -1.53774 0.906209 0.371256 0.202373 255 0 0 7732 13
8.90198 -9.1272 -1.52585 0.916008 0.304405 0.261278 255 0 0 7732 9
8.65087 -7.87544 -1.35367 0.951475 0.274473 0.139139 255 0 0 7732 13
8.89449 -9.18804 -1.45369 0.928517 0.321442 0.185827 255 0 0 7732 9
8.51453 -5.35571 -1.38571 0.955574 0.0591204 0.288761 255 0 0 7732 1
9.10745 -9.0214 -1.5414 0.825271 0.411095 0.387206 255 0 0 7732 9
9.09204 -9.30138 -1.38298 0.910152 0.318718 0.264655 255 0 0 7732 9
8.46819 -6.53913 -1.37314 0.953082 0.244174 0.178924 255 0 0 7732 1
9.04574 -8.95922 -1.62627 0.827086 0.419181 0.374456 255 0 0 7732 1
8.66658 -7.92356 -1.36109 0.941184 0.300269 0.154957 255 0 0 7732 4
8.49992 -7.02553 -1.20334 0.930931 0.348426 0.109393 255 0 0 7732 1
8.84066 -7.86648 -1.46458 0.917243 0.335277 0.215068 255 0 0 7732 1
8.8819 -9.12729 -1.45119 0.931105 0.298146 0.210125 255 0 0 7732 1
8.75 -7.14141 -1.7176 0.922222 0.300377 0.243475 255 0 0 7732 9
7.75 -2.29982 0.607525 0.951019 0.11924 0.28521 255 0 0 7732 1
7.58325 -1.04294 0.558288 0.976354 0.120555 0.179439 255 0 0 7732 1
7.75 -1.13464 0.616791 0.97985 0.0991267 0.173403 255 0 0 7732 1
7.91667 -0.968344 -0.971074 0.972657 0.164873 0.163572 255 0 0 7732 1
7.83333 -0.793182 -0.619849 0.971424 0.220107 0.0888111 255 0 0 7732 1
7.94578 -0.705427 -1.3841 0.94628 0.308951 0.0954081 255 0 0 7732 1
7.83333 -0.628856 -0.166202 0.982693 0.14626 0.113678 255 0 0 7732 1
7.93696 -0.799583 -1.21269 0.984307 0.0678531 0.162895 255 0 0 7732 1
7.92532 -0.28624 -1.40342 0.969561 -0.00680325 0.244755 255 0 0 7732 1
7.77846 -0.880889 -1.37185 0.911757 0.268526 0.310793 255 0 0 7732 1
7.74992 -0.926103 -1.38661 0.902344 0.269999 0.335971 255 0 0 7732 1
7.77107 0.276366 -0.615604 0.988156 0.118906 0.0970039 255 0 0 7732 1
7.58325 0.214088 -0.0402067 0.978664 0.130359 0.158816 255 0 0 7732 1
7.66658 0.0633013 -1.3593 0.937395 0.301413 0.174473 255 0 0 7732 1
8 -0.290902 -1.48061 0.960265 0.100004 0.260557 255 0 0 7732 1
7.83333 0.203764 -1.22047 0.96113 0.165176 0.221236 255 0 0 7732 1
7.93797 -0.233181 -1.45117 0.963945 0.132988 0.230486 255 0 0 7732 1
8.58325 -7.04927 -1.95871 0.882578 0.328997 0.335881 255 0 0 7732 4
8.82019 -8.20181 -1.94625 0.948227 0.110608 0.297709 255 0 0 7732 9
8.41667 -4.0527 -1.79728 0.88863 0.277375 0.36524 255 0 0 7732 1
8.40197 -5.37993 -1.9419 0.923001 0.265582 0.278451 255 0 0 7732 1
8.66658 -7.52612 -1.94284 0.883288 0.316523 0.345855 255 0 0 7732 9
8.39516 -5.28899 -1.92994 0.908331 0.24787 0.33689 255 0 0 7732 1
7.99992 -2.53791 -1.80067 0.970071 0.185592 0.156579 255 0 0 7732 1
8.88015 -8.87576 -1.93635 0.895425 0.187587 0.403765 255 0 0 7732 9
8.58325 -7.09104 -1.95694 0.877365 0.332016 0.346405 255 0 0 7732 9
8.00895 0.0383466 -1.88455 0.991372 0.0584099 0.117345 255 0 0 7732 9
8.49165 -5.45365 -2.19275 0.922168 0.202692 0.329428 255 0 0 7732 1
8.16667 -0.806992 -2.14531 0.870735 0.247818 0.424744 255 0 0 7732 1
7.6601 0.544706 -1.52424 0.949641 0.267972 0.162399 255 0 0 7732 1
7.7966 -0.686158 -1.68756 0.957382 0.260795 0.124118 255 0 0 7732 1
7.91658 -0.462822 -2.1898 0.955147 0.212119 0.20664 255 0 0 7732 1
8.08143 -3.02789 -2.0319 0.920518 0.318752 0.225928 255 0 0 7732 1
8.26881 -2.54567 -2.13151 0.936625 0.142283 0.32014 255 0 0 7732 8
7.94151 0.700704 -1.63038 0.920206 0.00879564 0.391336 255 0 0 7732 1
7.93144 0.365582 -1.63063 0.956652 0.102584 0.272568 255 0 0 7732 9
8.67753 -5.21268 -2.13642 0.906173 0.180029 0.382676 255 0 0 7732 1
7.85615 0.452111 -1.46831 0.946325 0.237111 0.219653 255 0 0 7732 1
7.75 0.615668 0.121105 0.983543 0.16989 0.0614953 255 0 0 7732 1
7.73963 0.631125 -1.61717 0.951919 0.175235 0.251282 255 0 0 7732 9
8 -0.186618 -1.78825 0.973413 0.130673 0.188129 255 0 0 7732 1
8 -0.141216 -1.72017 0.96296 0.145276 0.227162 255 0 0 7732 1
7.75 0.461624 -1.04216 0.945917 0.228731 0.230051 255 0 0 7732 1
7.80598 -0.79737 -1.62114 0.92806 0.32067 0.18941 255 0 0 7732 1
8.57298 -6.86988 -2.02532 0.853907 0.389486 0.345172 255 0 0 7732 4
8.01442 -0.796292 -1.72056 0.949674 0.248382 0.190856 255 0 0 7732 1
8.83963 -6.96184 -2.16336 0.888912 0.275335 0.366095 255 0 0 7732 9
7.83325 0.463718 -2.02636 0.969733 0.0350429 0.241641 255 0 0 7732 2
7.75 0.446056 -0.882029 0.953871 0.264039 0.142878 255 0 0 7732 1
8.50782 -4.39155 -2.05393 0.843442 0.438286 0.310662 255 0 0 7732 1
8.08325 -2.70752 -2.10739 0.939907 0.234535 0.248131 255 0 0 7732 1
7.92193 0.70874 -1.55369 0.922816 0.00764071 0.385164 255 0 0 7732 1
7.82042 0.38891 -2.03593 0.967896 0.0159351 0.250846 255 0 0 7732 2
8.08333 -0.97221 -2.06095 0.938602 0.194766 0.284768 255 0 0 7732 1
8.07234 -2.95316 -2.12607 0.918471 0.305413 0.251264 255 0 0 7732 1
9.10756 -6.13343 -3.30174 0.834772 0.241106 0.494999 255 0 0 7732 1
8.79964 -5.93881 -3.27921 0.807661 0.350034 0.47451 255 0 0 7732 1
8.74992 -7.36834 -2.64533 0.982602 0.0996956 0.1567 255 0 0 7732 9
8.69365 -5.54412 -2.29577 0.913994 0.284651 0.289118 255 0 0 7732 9
8.41667 -2.88757 -2.49101 0.873424 0.105975 0.47529 255 0 0 7732 1
8.41667 -2.60622 -2.83333 0.932382 0.053102 0.357552 255 0 0 7732 1
8.50685 -3.21115 -2.71149 0.88675 0.322058 0.331592 255 0 0 7732 1
8.74992 -7.38375 -2.71356 0.978051 0.122645 0.168445 255 0 0 7732 1
8.41658 -3.94091 -2.76216 0.896821 0.260802 0.357343 255 0 0 7732 1
8.65142 -6.54932 -3.19173 0.570967 0.776717 0.26591 255 0 0 7732 9
8.66667 -4.11966 -2.87993 0.898672 0.24119 0.366356 255 0 0 7732 1
8.68276 -4.71341 -2.46513 0.946452 0.180321 0.267794 255 0 0 7732 1
8.5316 -3.98018 -2.47312 0.922868 0.266398 0.278113 255 0 0 7732 1
8.49992 -2.19684 -3.54401 0.885783 0.163623 0.434299 255 0 0 7732 1
8.70394 -5.71309 -3.21253 0.903321 0.233745 0.359686 255 0 0 7732 1
8.69595 -4.79589 -2.44079 0.943969 0.19707 0.264739 255 0 0 7732 1
8.61389 -2.63084 -3.12923 0.816122 0.503116 0.284288 255 0 0 7732 1
9.10854 -5.71412 -3.88711 0.826722 0.200132 0.525811 255 0 0 7732 1
8.67707 -4.13308 -2.80533 0.891674 0.230338 0.389696 255 0 0 7732 1
9.00834 -2.19529 -4.04325 0.880673 0.115071 0.459536 255 0 0 7732 2
8.75715 -1.96502 -3.6631 0.880454 0.109215 0.461381 255 0 0 7732 1
8.94924 -5.93017 -3.16667 0.843365 0.32808 0.425557 255 0 0 7732 9
8.94755 -7.20934 -2.79336 0.924978 0.179639 0.334883 255 0 0 7732 9
8.92013 -5.79465 -3.04567 0.910914 0.308659 0.273798 255 0 0 7732 1
8.51866 -4.04782 -2.38108 0.939177 0.238506 0.247107 255 0 0 7732 1
8.65204 -6.53199 -2.44892 0.898506 0.35801 0.254001 255 0 0 7732 9
9.03143 -1.46466 -4.04925 0.678041 0.248889 0.691603 255 0 0 7732 2
8.66634 -5.70188 -3.28815 0.88658 0.255005 0.385939 255 0 0 7732 1
8.72885 -5.87014 -3.22453 0.824706 0.327633 0.460996 255 0 0 7732 1
8.65962 -1.88206 -3.94591 0.868469 0.226264 0.441097 255 0 0 7732 1
8.87142 -2.72222 -3.64471 0.919307 0.183906 0.347926 255 0 0 7732 1
8.75603 -1.86866 -3.66003 0.862016 0.18001 0.473841 255 0 0 7732 1
8.43086 -1.45373 -3.05763 0.8913 0.240517 0.384363 255 0 0 7732 1
8.54756 -3.62918 -2.70585 0.854117 0.241653 0.460529 255 0 0 7732 9
8.67208 -4.04244 -2.80178 0.889613 0.226825 0.396407 255 0 0 7732 13
8.55032 -5.863 -2.53559 0.859806 0.215882 0.462741 255 0 0 7732 9
8.58584 -1.88605 -3.30711 0.928262 0.15488 0.338144 255 0 0 7732 1
8.41658 -3.68503 -2.85341 0.887429 0.259663 0.380848 255 0 0 7732 1
8.99992 -4.70256 -3.92896 0.783601 0.253745 0.567083 255 0 0 7732 9
8.78481 -5.78571 -3.36375 0.827847 0.237782 0.508065 255 0 0 7732 1
8.15586 -1.79066 -2.68405 0.902413 0.326359 0.281321 255 0 0 7732 1
8.54233 -5.78305 -2.53226 0.846059 0.220188 0.485491 255 0 0 7732 1
9 -2.13127 -3.98973 0.881602 0.116926 0.45728 255 0 0 7732 1
8.96206 -2.19711 -3.96887 0.87312 0.141088 0.466642 255 0 0 7732 1
8.24992 -2.62732 -2.96665 0.951823 0.176544 0.250729 255 0 0 7732 1
8.63533 -2.67752 -3.12607 0.816428 0.502188 0.285046 255 0 0 7732 1
8.5 -3.54119 -2.49134 0.934518 0.171747 0.311737 255 0 0 7732 1
8.46108 -2.28931 -2.95622 0.796047 0.487239 0.359036 255 0 0 7732 1
8.69785 -4.53993 -2.61271 0.8736 0.252567 0.415972 255 0 0 7732 8
8.73496 -3.79868 -3.11315 0.814792 0.260839 0.517761 255 0 0 7732 1
8.77447 -1.79721 -3.71668 0.854971 0.257293 0.450361 255 0 0 7732 9
8.91667 -6.95432 -2.37808 0.978709 0.122118 0.164973 255 0 0 7732 9
8.7572 -5.63592 -2.63332 0.89534 0.378136 0.235327 255 0 0 7732 9
8.66658 -6.46383 -2.94502 0.936976 0.204543 0.283263 255 0 0 7732 1
8.73694 -6.6059 -3.11851 0.679266 0.665669 0.309002 255 0 0 7732 9
8.83333 -3.78969 -3.4072 0.695661 0.280228 0.66146 255 0 0 7732 1
8.75194 -5.46602 -2.36857 0.941258 0.244863 0.232543 255 0 0 7732 8
8.66658 -6.45694 -3.034 0.913508 0.289631 0.285686 255 0 0 7732 9
9.04027 -4.69574 -3.96168 0.80688 0.253964 0.533336 255 0 0 7732 9
8.70369 -4.46045 -2.54501 0.86768 0.294966 0.400158 255 0 0 7732 1
8.55417 -5.87144 -2.45991 0.876667 0.250665 0.410636 255 0 0 7732 9
8.68813 -1.55557 -3.55853 0.830354 0.329849 0.449124 255 0 0 7732 8
8.60358 -1.79862 -3.32413 0.935047 0.146684 0.322756 255 0 0 7732 1
8.58906 -3.15821 -2.79473 0.859418 0.44719 0.247832 255 0 0 7732 1
9.16667 -6.04943 -3.37985 0.85564 0.246916 0.454876 255 0 0 7732 1
9.06881 -5.62454 -3.8571 0.819976 0.183037 0.542345 255 0 0 7732 1
8.86469 -3.12751 -3.47282 0.874023 0.326836 0.359529 255 0 0 7732 1
8.60128 -3.62769 -2.70502 0.820068 0.285321 0.496065 255 0 0 7732 8
8.84012 -6.64089 -2.55611 0.950451 0.265584 0.161583 255 0 0 7732 9
8.77453 -3.54431 -3.31378 0.845184 0.261786 0.465975 255 0 0 7732 1
8.31833 -2.19635 -3.02727 0.791565 0.330117 0.514245 255 0 0 7732 1
8.70871 -4.03621 -3.46115 0.792805 0.352287 0.497347 255 0 0 7732 1
8.88014 -5.78816 -3.04447 0.932672 0.24787 0.262074 255 0 0 7732 1
8.96223 -4.64382 -3.85576 0.771922 0.285894 0.567803 255 0 0 7732 1
8.69441 -3.87757 -3.05019 0.856494 0.231694 0.461233 255 0 0 7732 1
8.78756 -5.88874 -3.30159 0.818675 0.30636 0.485711 255 0 0 7732 1
8.93504 -7.55215 -2.29452 0.892068 0.35733 0.276642 255 0 0 7732 9
8.69015 -4.38819 -2.46877 0.866694 0.384074 0.318323 255 0 0 7732 1
8.66119 -6.44772 -2.45637 0.910477 0.333533 0.244514 255 0 0 7732 9
8.49677 -5.19881 -2.28165 0.933704 0.20476 0.293717 255 0 0 7732 1
9.14711 -6.1243 -3.3555 0.836377 0.249236 0.488216 255 0 0 7732 1
8.82023 -4.89859 -3.43259 0.833819 0.0829797 0.545766 255 0 0 7732 1
8.77122 -1.96344 -3.71913 0.89441 0.109736 0.433576 255 0 0 7732 1
8.9486 -1.44148 -4.01422 0.712962 0.236142 0.660244 255 0 0 7732 2
8.64504 -6.03804 -3.03653 0.904392 0.360924 0.227618 255 0 0 7732 1
8.82956 -7.78248 -2.53995 0.952557 0.233196 0.195586 255 0 0 7732 9
9 -2.54057 -3.96888 0.749132 0.200164 0.631456 255 0 0 7732 1
8.58325 -5.28919 -2.60659 0.865285 0.285511 0.412027 255 0 0 7732 1
8.75 -3.86784 -3.06879 0.839983 0.176848 0.512985 255 0 0 7732 1
8.66658 -1.94752 -3.94707 0.874503 0.214825 0.43485 255 0 0 7732 13
8.58987 -3.05217 -2.99266 0.848844 0.401117 0.344338 255 0 0 7732 1
8.66658 -3.44097 -3.50018 0.786926 0.220177 0.576428 255 0 0 7732 1
8.54118 -2.2919 -2.87191 0.741747 0.576306 0.34305 255 0 0 7732 1
8.66667 -3.12112 -3.14877 0.878027 0.154847 0.45287 255 0 0 7732 1
8.72449 -4.04759 -3.52936 0.788177 0.387099 0.478467 255 0 0 7732 1
9.02466 -6.88139 -3.05063 0.781678 0.425258 0.456218 255 0 0 7732 1
8.57497 -4.87367 -2.86028 0.91629 0.0239473 0.399798 255 0 0 7732 1
8.41658 -1.65956 -3.42753 0.894445 0.0883397 0.438366 255 0 0 7732 1
9.18973 -4.95904 -3.79986 0.843719 0.239335 0.480475 255 0 0 7732 9
8.91667 -6.6381 -2.87762 0.865752 0.401501 0.298781 255 0 0 7732 4
8.62036 -2.70516 -3.21615 0.848453 0.390363 0.357412 255 0 0 7732 1
8.60187 -1.5371 -3.41058 0.818908 0.180676 0.544744 255 0 0 7732 1
8.15754 -2.62289 -2.28685 0.923479 0.222906 0.312249 255 0 0 7732 1
8.8777 -3.87356 -3.45539 0.638134 0.337663 0.691931 255 0 0 7732 1
8.51432 -3.80559 -2.57269 0.878592 0.333574 0.341767 255 0 0 7732 1
8.6729 -4.38358 -2.63187 0.907124 0.26898 0.32369 255 0 0 7732 1
8.86923 -6.63361 -2.87744 0.850623 0.427776 0.305692 255 0 0 7732 4
8.81465 -7.87996 -2.45443 0.959007 0.199611 0.201148 255 0 0 7732 1
8.93944 -1.37271 -4.02268 0.702109 0.241661 0.669809 255 0 0 7732 2
8.79827 -5.85634 -3.35681 0.817986 0.278834 0.503141 255 0 0 7732 1
9.10802 -5.21075 -3.55454 0.884594 0.216821 0.412896 255 0 0 7732 1
8.81903 -6.4364 -3.28701 0.823774 0.460077 0.331249 255 0 0 7732 1
8.5 -2.88009 -2.95701 0.841546 0.326264 0.430525 255 0 0 7732 1
8.54125 -5.11319 -2.79039 0.94769 -0.0132151 0.318918 255 0 0 7732 1
8.33325 -3.2688 -2.77595 0.942809 0.232421 0.238938 255 0 0 7732 1
8.7901 -6.38691 -3.35508 0.852131 0.425744 0.304327 255 0 0 7732 1
8.85627 -6.87217 -2.23375 0.931269 0.270706 0.243838 255 0 0 7732 1
9.18226 -4.8803 -3.80583 0.841606 0.25428 0.476488 255 0 0 7732 9
8.49616 -4.62077 -2.69212 0.914359 0.102212 0.391792 255 0 0 7732 1
8.716 -6.53999 -3.12138 0.740538 0.593049 0.316063 255 0 0 7732 9
8.44797 -2.21321 -2.79719 0.789787 0.492578 0.365518 255 0 0 7732 1
8.75739 -2.30386 -3.6529 0.833642 0.235573 0.499547 255 0 0 7732 1
8.80372 -4.95509 -3.37631 0.824943 0.110011 0.554407 255 0 0 7732 1
8.72383 -5.79542 -3.28946 0.849384 0.261649 0.458352 255 0 0 7732 1
9.00355 -7.22004 -2.81276 0.89312 0.210424 0.397565 255 0 0 7732 9
8.91658 -2.29561 -4.35725 0.892266 0.155806 0.423776 255 0 0 7732 1
8.08333 -0.461748 -2.22297 0.969116 0.130521 0.209233 255 0 0 7732 1
9.08333 -0.108529 -4.15739 0.867534 0.00912361 0.497294 255 0 0 7732 2
8.70945 -0.130136 -4.03866 0.909115 0.121245 0.39851 255 0 0 7732 2
8.67027 -0.129224 -3.47473 0.899226 0.0998222 0.425945 255 0 0 7732 9
8.83352 -0.53555 -3.9837 0.921599 0.161458 0.352968 255 0 0 7732 2
8.27417 -0.714974 -2.71298 0.905879 0.140631 0.399507 255 0 0 7732 1
8.75 -0.476336 -3.74315 0.910883 0.0810503 0.404628 255 0 0 7732 9
8.25 -0.471408 -2.72814 0.885849 0.171814 0.430989 255 0 0 7732 1
8.50455 -0.308432 -3.30107 0.846154 0.1558 0.509656 255 0 0 7732 2
8.50923 -0.717949 -3.31072 0.925352 0.0264868 0.378183 255 0 0 7732 2
8.84413 -0.627587 -3.96983 0.932376 0.145646 0.330852 255 0 0 7732 2
8.60669 -0.106734 -3.45875 0.886099 0.0901008 0.454655 255 0 0 7732 2
8.14865 -0.551843 -3.00294 0.882675 0.291628 0.368562 255 0 0 7732 9
8.60331 -0.376816 -3.47526 0.913509 0.0407121 0.404777 255 0 0 7732 2
8.26495 -0.711585 -2.64487 0.905159 0.15952 0.394006 255 0 0 7732 9
8.82731 -0.429067 -4.33457 0.774758 0.259253 0.576661 255 0 0 7732 2
8.80132 -0.395899 -4.30261 0.796345 0.230728 0.559106 255 0 0 7732 2
7.91658 -1.13198 -2.21189 0.902632 0.362083 0.232703 255 0 0 7732 1
8.91658 -2.20757 -4.3469 0.882358 0.134476 0.450956 255 0 0 7732 1
8.5682 -0.624274 -3.86519 0.947739 0.0302655 0.317608 255 0 0 7732 9
8.8393 -1.30754 -3.90867 0.763701 0.24007 0.599272 255 0 0 7732 2
8.28406 -0.789918 -2.63535 0.918281 0.142574 0.369369 255 0 0 7732 9
8.44188 -0.130394 -3.2128 0.948826 0.151607 0.277028 255 0 0 7732 2
9.29375 -0.289344 -4.545 0.781507 0.182132 0.59672 255 0 0 7732 2
8.74585 -0.433001 -4.18409 0.824991 0.250018 0.506834 255 0 0 7732 9
8.84482 -0.705455 -3.97539 0.934719 0.101231 0.340665 255 0 0 7732 2
8.94795 -1.29541 -4.05125 0.710099 0.2559 0.655953 255 0 0 7732 9
8.15063 -0.204667 -2.94786 0.909637 -0.0708117 0.409324 255 0 0 7732 9
8.93136 -0.381386 -4.14211 0.909801 0.110456 0.400077 255 0 0 7732 2
9.00239 -0.118156 -4.14467 0.87985 0.00802013 0.475183 255 0 0 7732 2
8.66658 -0.106765 -4.00913 0.908051 0.136091 0.396134 255 0 0 7732 2
7.91141 -0.209175 -2.28803 0.891168 0.263478 0.369322 255 0 0 7732 1
8.66371 -1.20412 -3.93832 0.87744 0.032661 0.478574 255 0 0 7732 9
8.78148 -0.210602 -3.80281 0.924363 0.0261373 0.380617 255 0 0 7732 9
8.72531 -0.45587 -4.1182 0.860724 0.228997 0.454658 255 0 0 7732 2
9.33333 -2.69112 -4.58075 0.851456 0.0761008 0.518875 255 0 0 7732 1
8.47991 -0.465743 -3.61334 0.886417 0.142292 0.440475 255 0 0 7732 2
9.08666 -0.37937 -4.32197 0.788929 0.0793181 0.609344 255 0 0 7732 8
8.08333 -0.525013 -2.22863 0.972085 0.117681 0.202985 255 0 0 7732 1
8.33333 -0.790137 -2.70484 0.915785 0.13892 0.376881 255 0 0 7732 1
8.81545 -0.385853 -4.35153 0.77606 0.248075 0.579818 255 0 0 7732 2
8.96153 -1.78712 -4.53816 0.819196 0.102402 0.564297 255 0 0 7732 1
8.85713 -0.294893 -3.96011 0.903993 0.0632651 0.42284 255 0 0 7732 9
8.35767 0.957488 -2.63167 0.951707 0.054428 0.302143 255 0 0 7732 9
9.00995 -0.0475847 -4.14234 0.879736 0.0490455 0.472926 255 0 0 7732 2
8.76987 0.463838 -3.71624 0.905001 0.0417998 0.423352 255 0 0 7732 2
7.78865 0.868045 -1.05191 0.964069 0.0772654 0.254166 255 0 0 7732 1
8.51321 0.959933 -2.90059 0.921375 0.0710404 0.382127 255 0 0 7732 9
8.78456 0.705071 -4.12986 0.825968 0.0245411 0.563182 255 0 0 7732 2
8.96227 0.121321 -4.37352 0.858986 -0.062126 0.508216 255 0 0 7732 2
8.61668 0.566895 -3.21465 0.909281 0.16719 0.381124 255 0 0 7732 2
8.25 0.036546 -2.72874 0.914416 0.144856 0.377968 255 0 0 7732 9
9.35835 0.866086 -4.54883 0.820799 -0.0416621 0.569696 255 0 0 7732 4
7.79482 0.799296 -1.1287 0.964978 0.0685135 0.253227 255 0 0 7732 1
8.99201 0.544806 -4.35622 0.899467 -0.0499758 0.434123 255 0 0 7732 2
9.08333 -0.065046 -4.16222 0.871385 0.0288615 0.489751 255 0 0 7732 2
9.28533 0.713583 -4.46555 0.832788 -0.0327387 0.552624 255 0 0 7732 8
9.03041 0.291663 -4.14163 0.83438 -0.0835905 0.544814 255 0 0 7732 9
7.83345 0.874867 -1.39177 0.934457 0.00879792 0.355968 255 0 0 7732 1
8.29876 0.458632 -3.20559 0.844777 -0.0648615 0.531173 255 0 0 7732 9
9.33809 0.798871 -4.49128 0.818804 -0.0713836 0.569618 255 0 0 7732 8
9.18216 0.212315 -4.31341 0.871525 -0.032528 0.489271 255 0 0 7732 8
9.01742 0.793031 -4.07074 0.810357 0.0479943 0.583968 255 0 0 7732 9
9.43619 0.471345 -4.71005 0.764124 0.0619113 0.642092 255 0 0 7732 9
8.89578 0.125278 -4.26853 0.871022 -0.047605 0.488932 255 0 0 7732 2
8.59335 0.376145 -3.38546 0.922846 -0.0423503 0.382833 255 0 0 7732 9
9.42386 0.526172 -4.66667 0.737566 0.0399729 0.674091 255 0 0 7732 2
8.35998 0.455748 -3.29348 0.864204 -0.0402947 0.501525 255 0 0 7732 2
8.72944 0.366789 -4.02174 0.85984 -0.0613482 0.506865 255 0 0 7732 9
9.08187 0.698573 -4.51674 0.867223 -0.0700182 0.492972 255 0 0 7732 9
8.49286 0.365227 -3.69241 0.951032 0.0660755 0.301948 255 0 0 7732 9
8.57525 0.604708 -3.78836 0.931792 -0.0944084 0.350499 255 0 0 7732 2
8.24992 -0.0364039 -3.18783 0.911296 0.186005 0.367345 255 0 0 7732 9
9.19987 0.955561 -4.22842 0.811114 0.206018 0.547403 255 0 0 7732 8
9.36 0.469224 -4.64429 0.713208 0.0459068 0.699447 255 0 0 7732 9
8.94193 0.0359563 -3.97519 0.907559 0.113477 0.404302 255 0 0 7732 2
8.78987 0.297041 -4.12319 0.837198 -0.0682089 0.542629 255 0 0 7732 9
7.64294 0.876887 -1.36048 0.941419 0.030226 0.335881 255 0 0 7732 1
8.76577 0.391054 -3.65286 0.89428 -0.0380951 0.445883 255 0 0 7732 8
8.16667 -0.0277134 -2.41667 0.891351 0.00923209 0.45322 255 0 0 7732 2
8.33011 0.4232 -3.3619 0.87316 -0.0261267 0.486733 255 0 0 7732 9
8.65035 -0.0467473 -3.9566 0.912491 0.0784774 0.401498 255 0 0 7732 9
8.60749 0.948785 -3.78822 0.900121 0.00642268 0.435593 255 0 0 7732 9
8.62304 0.636454 -3.77686 0.921872 -0.0315123 0.38621 255 0 0 7732 9
8.74413 0.369231 -4.10007 0.848086 -0.0736849 0.524709 255 0 0 7732 2
8.5732 0.793627 -3.697 0.942346 0.048123 0.331162 255 0 0 7732 9
8.57382 0.623042 -3.69716 0.925462 -0.0129953 0.378617 255 0 0 7732 2
8.5269 0.370118 -3.70912 0.951839 0.0649333 0.299645 255 0 0 7732 9
9.09036 0.297085 -4.16585 0.840403 -0.0767565 0.536499 255 0 0 7732 9
9.25 -0.0592831 -4.5 0.853878 0.0508907 0.51798 255 0 0 7732 8
8.52026 0.370484 -3.62105 0.95337 0.0508112 0.297496 255 0 0 7732 9
9.24992 0.760086 -4.69288 0.831078 -0.0547242 0.553457 255 0 0 7732 9
9.05592 -0.131451 -4.61188 0.781628 0.0355698 0.62273 255 0 0 7732 9
8.73096 0.625311 -4.11111 0.854656 0.0193346 0.518834 255 0 0 7732 2
9.29908 -2.61697 -4.78759 0.704268 0.0401367 0.708798 255 0 0 7732 1
8.66924 0.0306921 -3.56011 0.898344 0.0511625 0.436304 255 0 0 7732 2
9.2373 -0.0412348 -4.764 0.77076 -0.0530624 0.634913 255 0 0 7732 9
8.55913 0.95859 -3.78273 0.882753 0.012151 0.469681 255 0 0 7732 9
9.33325 -3.09629 -4.78468 0.813617 0.295136 0.500922 255 0 0 7732 1
9.04824 -1.95485 -4.6897 0.834915 0.0252558 0.5498 255 0 0 7732 2
8.42513 0.293727 -3.14385 0.887402 -0.00295016 0.460988 255 0 0 7732 2
9.18786 0.295358 -4.30821 0.866442 -0.0366119 0.497933 255 0 0 7732 9
8.66141 0.610672 -3.93611 0.897033 -0.00699204 0.441909 255 0 0 7732 2
8.58333 0.210832 -3.378 0.944053 -0.0327937 0.32816 255 0 0 7732 9
8.76665 0.378287 -3.72204 0.891712 -0.0316906 0.451493 255 0 0 7732 2
8.67026 -0.0583296 -3.55085 0.898488 0.0836536 0.430955 255 0 0 7732 9
8.41017 0.523043 -3.38537 0.882934 -0.0187091 0.469125 255 0 0 7732 2
8.59741 0.610325 -3.20523 0.907314 0.144478 0.394852 255 0 0 7732 2
7.78335 0.788873 -1.04197 0.967916 0.0822525 0.237432 255 0 0 7732 1
8.76006 0.50788 -3.66275 0.890241 0.120647 0.439221 255 0 0 7732 9
8.66392 0.70786 -3.94023 0.904253 -0.00175215 0.426995 255 0 0 7732 9
9.74336 0.137612 -5.26518 0.714716 0.194931 0.671702 255 0 0 7732 8
8.671 3.6178 -2.38938 0.901746 -0.205145 0.380486 255 0 0 7732 8
8.24535 2.54478 -2.52478 0.920105 0.0840858 0.382539 255 0 0 7732 9
9.5265 0.3754 -5.06329 0.737784 0.0433597 0.673643 255 0 0 7732 2
9.65165 0.0722335 -5.16962 0.69943 0.218755 0.6804 255 0 0 7732 2
7.57452 1.29609 -1.03503 0.966887 0.077634 0.243109 255 0 0 7732 1
9.23198 -1.95267 -4.84281 0.709352 0.111086 0.696046 255 0 0 7732 2
9.56546 -2.13477 -5.18418 0.646416 -0.00553671 0.762965 255 0 0 7732 2
8.83325 1.27066 -4.10151 0.837009 -0.0415262 0.545611 255 0 0 7732 9
6.7529 4.02047 3.63221 0.884173 0.44894 -0.129196 255 0 0 7732 0
9.46732 0.355685 -5.01015 0.74039 0.0450668 0.670665 255 0 0 7732 2
8.47099 1.37282 -3.36698 0.934996 0.0610772 0.34936 255 0 0 7732 2
8.71682 1.29078 -3.78655 0.852508 -0.0890202 0.515078 255 0 0 7732 2
7.94588 1.03491 -1.6387 0.956599 0.0742207 0.281799 255 0 0 7732 1
8.83333 1.46776 -3.56942 0.856364 -0.149075 0.494385 255 0 0 7732 9
9.4999 1.03798 -5.17614 0.779226 -0.00396679 0.626731 255 0 0 7732 9
8.88351 1.21058 -4.18957 0.834049 -0.051357 0.549295 255 0 0 7732 9
7.66658 1.74992 -1.27079 0.909158 0.174513 0.378124 255 0 0 7732 1
9.54102 0.362681 -5.09409 0.715602 0.039256 0.697404 255 0 0 7732 2
-2.01973 3.79745 2.53293 -0.729076 0.397748 0.556997 255 0 0 7732 1
9.54417 -2.29294 -5.11873 0.70355 0.00728351 0.710608 255 0 0 7732 2
8.73195 2.20594 -3.601 0.895039 -0.0587072 0.442106 255 0 0 7732 9
9.54484 1.0475 -5.19513 0.769899 0.00323782 0.638157 255 0 0 7732 9
-2.13519 3.54377 1.97519 -0.514477 0.105972 0.850931 255 0 0 7732 1
8 1.03005 -1.70263 0.963762 0.0624869 0.259341 255 0 0 7732 9
9.11065 1.53538 -3.95355 0.786477 -0.213561 0.579523 255 0 0 7732 9
8.63567 2.29137 -3.36396 0.880545 -0.043692 0.471944 255 0 0 7732 9
8.18026 1.2821 -2.40979 0.883764 0.0367017 0.466491 255 0 0 7732 2
8.49483 2.53915 -3.02346 0.899021 -0.0438353 0.435706 255 0 0 7732 9
7.33333 1.84587 1.75598 0.81434 0.340018 0.47036 255 0 0 7732 1
9.89025 1.29055 -5.35986 0.79755 -0.1083 0.593452 255 0 0 7732 9
7.75 2.33626 -0.109609 0.989082 0.0692991 0.130054 255 0 0 7732 1
9.66658 3.79441 -4.50788 0.855982 -0.114693 0.504124 255 0 0 7732 9
8.83333 1.14825 -3.58333 0.866566 -0.0647832 0.49484 255 0 0 7732 8
8.58333 1.87892 -3.04187 0.929909 -0.0813865 0.358671 255 0 0 7732 9
8.88433 1.45048 -4.02994 0.859712 -0.0823156 0.504103 255 0 0 7732 9
7.58325 2.12014 -0.363416 0.993102 -0.046278 0.107732 255 0 0 7732 1
8.30541 1.54038 -2.95416 0.878735 0.299424 0.371711 255 0 0 7732 2
8.8146 3.12231 -3.43682 0.883123 -0.0571033 0.465654 255 0 0 7732 9
8.72094 3.03521 -3.36817 0.873808 0.0770587 0.480127 255 0 0 7732 9
9.47477 1.29092 -4.94092 0.806769 0.0550027 0.588302 255 0 0 7732 9
8.05343 1.46216 -2.45963 0.831361 -0.0412274 0.554202 255 0 0 7732 9
8.62225 1.86757 -3.53333 0.831247 -0.0823642 0.549768 255 0 0 7732 9
8.72373 2.28868 -3.52818 0.890906 -0.077083 0.447599 255 0 0 7732 9
8.57643 1.87093 -3.51913 0.839086 -0.0678155 0.539756 255 0 0 7732 9
8.65296 2.20197 -3.44255 0.887558 -0.0402375 0.458935 255 0 0 7732 9
8.97815 1.21085 -4.27999 0.83482 -0.0665369 0.546487 255 0 0 7732 9
9.33367 1.37168 -4.39333 0.868799 -0.0949697 0.485972 255 0 0 7732 9
9.95168 1.12557 -5.37277 0.775461 -0.106163 0.622407 255 0 0 7732 8
8.98384 3.18727 -3.77498 0.837656 -0.161799 0.521684 255 0 0 7732 9
9.3526 1.80024 -4.31575 0.819469 0.16085 0.550089 255 0 0 7732 4
8.08333 1.28031 -1.97239 0.938296 0.187268 0.290742 255 0 0 7732 2
8.75 1.9037 -3.30613 0.914035 -0.0714638 0.399291 255 0 0 7732 8
8.93472 3.54638 -2.88965 0.86412 -0.138218 0.483934 255 0 0 7732 8
8.66658 1.20808 -3.76987 0.87581 -0.0258915 0.481961 255 0 0 7732 9
7.77189 2.14058 -0.463922 0.985675 0.0983972 0.136976 255 0 0 7732 1
8.88976 2.53836 -3.70099 0.868346 -0.0638781 0.491829 255 0 0 7732 9
7.75 1.27762 -0.86531 0.959832 0.0747896 0.270425 255 0 0 7732 1
9.70161 1.62649 -5.21706 0.646429 0.023123 0.762624 255 0 0 7732 9
8.99314 2.03667 -4.02793 0.884537 -0.0141422 0.466256 255 0 0 7732 9
8.85583 3.46543 -2.89372 0.848468 -0.187682 0.494851 255 0 0 7732 9
9.57799 1.87719 -5.00735 0.710399 -0.0745209 0.699842 255 0 0 7732 9
8.263 2.80239 -1.80873 0.952593 -0.0298979 0.302776 255 0 0 7732 9
7.75 2.29238 -0.114575 0.990618 0.0333018 0.132537 255 0 0 7732 1
7.75 1.1199 -0.724999 0.974477 0.0692414 0.213542 255 0 0 7732 1
6.83333 3.9449 3.88267 0.935299 0.353022 -0.0243046 255 0 0 7732 7
8.66658 3.11987 -3.10411 0.893476 -0.0899309 0.440015 255 0 0 7732 9
7.89564 1.36311 -1.96463 0.90912 0.236608 0.342807 255 0 0 7732 2
9.06189 2.33532 -4.22177 0.793744 -0.134864 0.593113 255 0 0 7732 9
9.83857 1.21123 -5.07762 0.700097 -0.20455 0.684123 255 0 0 7732 8
9.54303 1.04797 -5.14403 0.767778 0.00625579 0.640686 255 0 0 7732 9
8.9194 3.54228 -2.96932 0.877627 -0.137316 0.459254 255 0 0 7732 8
8.48721 1.36001 -3.43553 0.922538 0.0757267 0.378403 255 0 0 7732 2
-1.95096 3.86886 2.60664 -0.725843 0.469897 0.502342 255 0 0 7732 1
7.66769 2.28779 0.53258 0.988987 0.0602738 0.135171 255 0 0 7732 1
9.53364 1.87062 -4.95399 0.758989 -0.0659691 0.647753 255 0 0 7732 9
6.83325 2.05488 2.27199 0.987161 0.159053 -0.0146462 255 0 0 7732 0
8.67876 1.37607 -3.30759 0.923176 0.121483 0.364676 255 0 0 7732 9
9.54059 0.964866 -5.12618 0.760619 0.0123433 0.649081 255 0 0 7732 9
7.56278 1.29587 -0.967072 0.966767 0.0485729 0.251001 255 0 0 7732 1
8.41658 1.21476 -3.27921 0.955615 0.0211707 0.293858 255 0 0 7732 9
9.55018 0.298335 -5.10158 0.714873 0.0381405 0.698213 255 0 0 7732 2
8.20792 3.70873 -1.20873 0.933349 -0.261339 0.246091 255 0 0 7732 1
7.7702 2.12429 -0.543695 0.987853 0.0812268 0.132475 255 0 0 7732 1
7.85801 2.36974 -0.961551 0.941473 0.00336723 0.337072 255 0 0 7732 1
7.08333 2.2022 3.2933 0.991597 0.129359 0.00159868 255 0 0 7732 0
6.52047 4.11005 3.06629 0.902091 0.40253 -0.155571 255 0 0 7732 0
8.82369 2.45474 -3.68494 0.900213 0.00439079 0.435428 255 0 0 7732 9
9.9093 1.12392 -5.35107 0.778347 -0.166438 0.605371 255 0 0 7732 8
7.75075 1.46036 -0.97111 0.952944 -0.0478237 0.29935 255 0 0 7732 1
8.72307 2.71381 -3.36025 0.842796 -0.017621 0.537944 255 0 0 7732 9
9.41317 -0.130725 -4.91675 0.66844 0.0117845 0.743673 255 0 0 7732 2
7.66667 2.21639 0.541695 0.990565 0.0473928 0.128589 255 0 0 7732 1
7.75 1.46016 -0.896282 0.961908 0.00741546 0.273272 255 0 0 7732 1
9.49148 -2.21634 -5.11121 0.664512 -0.00213643 0.747274 255 0 0 7732 2
9.46483 1.21464 -4.9521 0.815105 0.071985 0.574824 255 0 0 7732 8
8.66658 2.15683 -3.5102 0.894223 -0.0332996 0.446381 255 0 0 7732 9
8.33333 2.13581 -2.3925 0.91204 -0.0676231 0.404488 255 0 0 7732 9
9.26583 3.39718 -3.71722 0.849004 -0.0328982 0.527361 255 0 0 7732 8
8.8463 1.2099 -3.62181 0.867195 -0.0537274 0.495061 255 0 0 7732 9
9.93581 1.12503 -5.14124 0.67389 -0.216983 0.706251 255 0 0 7732 8
9.84468 3.54501 -4.56096 0.765996 -0.130171 0.629528 255 0 0 7732 4
8.05143 1.21634 -1.95183 0.948335 0.126396 0.291006 255 0 0 7732 2
8.66667 1.2085 -3.72463 0.884464 -0.0228094 0.46605 255 0 0 7732 9
8.72961 1.36908 -4.02751 0.903178 -0.0698158 0.423551 255 0 0 7732 9
8.71814 1.05204 -3.96675 0.863067 -0.0531064 0.502289 255 0 0 7732 9
9.26615 3.44412 -3.73501 0.844142 -0.016378 0.535869 255 0 0 7732 9
8.27437 2.06232 -2.14763 0.966002 0.0855217 0.243981 255 0 0 7732 8
8.69519 1.20835 -3.78613 0.871447 -0.0385398 0.488972 255 0 0 7732 9
8.58084 1.62525 -3.52187 0.92013 0.057595 0.387354 255 0 0 7732 2
8.91667 3.02612 -3.24742 0.877007 -0.151373 0.456009 255 0 0 7732 8
9.23429 2.05202 -4.44706 0.869857 -0.111954 0.480433 255 0 0 7732 9
9.59089 0.873303 -4.91031 0.706099 0.00714446 0.708077 255 0 0 7732 8
9.45519 1.95141 -4.86016 0.843498 -0.0390998 0.535708 255 0 0 7732 9
8.41658 1.29246 -3.28471 0.950892 0.0309979 0.307968 255 0 0 7732 2
9.06913 2.28964 -4.19177 0.826851 -0.0839252 0.556124 255 0 0 7732 9
9.07103 2.79095 -4.02553 0.829136 0.10332 0.549417 255 0 0 7732 2
9.06722 2.03017 -4.19442 0.879321 -0.100654 0.465472 255 0 0 7732 9
7.89334 1.12183 -1.9482 0.977311 0.0259936 0.210209 255 0 0 7732 2
9.66658 1.61659 -5.18422 0.647507 0.0257511 0.761624 255 0 0 7732 8
9.16667 3.04569 -3.74056 0.865683 -0.140729 0.480404 255 0 0 7732 9
7.64993 2.12293 -0.960944 0.959853 0.123063 0.252069 255 0 0 7732 1
9.06618 2.7141 -4.01786 0.829542 0.104052 0.548664 255 0 0 7732 8
6.83777 3.35531 2.72011 0.918846 0.342798 -0.195477 255 0 0 7732 0
10.2398 2.78047 -5.58926 0.567507 -0.157102 0.808242 255 0 0 7732 8
9.6049 5.62057 -3.30659 0.848613 -0.109251 0.517609 255 0 0 7732 8
2.05825 5.15351 3.46452 0.316956 0.625197 0.713209 255 0 0 7732 7
9.91658 4.28079 -4.70646 0.82667 -0.135555 0.546115 255 0 0 7732 8
9 4.87196 -2.46745 0.939734 -0.0684041 0.334993 255 0 0 7732 9
9.33325 6.28206 -3.00008 0.87872 -0.166911 0.447204 255 0 0 7732 8
9.33325 5.95907 -2.85776 0.881152 -0.252397 0.399834 255 0 0 7732 8
9.7336 4.28901 -4.43902 0.766537 -0.0368663 0.641141 255 0 0 7732 9
9.59239 5.70673 -2.90048 0.782522 0.0124239 0.622499 255 0 0 7732 8
10.1498 6.0374 -4.50728 0.852394 -0.0749391 0.517502 255 0 0 7732 8
9.3631 6.20721 -2.96177 0.884176 -0.159466 0.439095 255 0 0 7732 8
9.72003 6.20687 -3.78584 0.843582 -0.131457 0.520662 255 0 0 7732 8
3.04173 4.95485 3.14242 0.0138677 0.262679 0.964784 255 0 0 7732 8
3.22025 5.04034 3.35029 0.0213756 0.35355 0.935171 255 0 0 7732 7
5.47902 4.73896 2.98687 0.501228 0.607643 0.616069 255 0 0 7732 7
9.73261 4.52653 -4.35446 0.776233 -0.236734 0.584311 255 0 0 7732 9
9.57764 5.37117 -3.77379 0.891446 -0.0950692 0.443041 255 0 0 7732 8
1.45626 5.12747 3.16658 -0.049139 0.474284 0.878999 255 0 0 7732 1
8.97341 5.21171 -2.6954 0.911453 0.0373479 0.409706 255 0 0 7732 8
6.17154 4.85231 4.13002 0.705532 0.708588 0.0112608 255 0 0 7732 7
10.1667 5.40789 -4.25 0.693899 -0.136817 0.706955 255 0 0 7732 8
9.48055 5.87341 -3.27746 0.894248 -0.187938 0.406201 255 0 0 7732 8
9 4.3627 -2.73837 0.895502 -0.0281132 0.444169 255 0 0 7732 9
0.458397 5.36657 3.33333 -0.132246 0.752847 0.644773 255 0 0 7732 1
2.72188 4.97615 3.16658 0.0779824 0.306496 0.948672 255 0 0 7732 8
8.82636 4.45838 -2.76844 0.855414 -0.0561538 0.514892 255 0 0 7732 9
2.7148 4.79582 3.29359 0.104363 0.340379 0.934479 255 0 0 7732 7
2.86948 5.13508 3.36215 0.159354 0.394738 0.904869 255 0 0 7732 7
8.58325 4.27979 -2.28712 0.933697 -0.215119 0.286239 255 0 0 7732 9
2.55183 5.19082 3.41797 -0.00808471 0.335863 0.941876 255 0 0 7732 1
-0.516777 5.77098 6.10032 -0.118459 0.908147 0.401543 255 0 0 7732 6
9.72789 4.79044 -4.18071 0.823381 -0.158639 0.544864 255 0 0 7732 9
8.8117 4.52868 -2.71508 0.856967 -0.0664418 0.51107 255 0 0 7732 8
6.34735 4.77545 4.12655 0.800171 0.59952 0.0173539 255 0 0 7732 7
5.94332 5 4.38627 0.403136 0.91484 0.0234391 255 0 0 7732 0
6.44548 4.44595 3.53709 0.805572 0.554069 -0.209908 255 0 0 7732 7
2.35905 5.12584 3.43476 0.291275 0.485534 0.824267 255 0 0 7732 0
9.34256 6.04532 -2.30293 0.951104 -0.106931 0.289769 255 0 0 7732 8
10.1648 4.8825 -4.77778 0.79155 -0.211104 0.573484 255 0 0 7732 8
2.44903 5.12832 3.21571 0.0908177 0.373267 0.923268 255 0 0 7732 1
9.16268 5.45632 -2.945 0.90575 -0.0229046 0.423192 255 0 0 7732 8
9.4367 6.375 -2.64647 0.934315 -0.0976448 0.342814 255 0 0 7732 8
6.16658 4.24036 2.93736 0.824263 0.563049 0.059714 255 0 0 7732 0
2.62309 5.1227 3.43738 -0.137669 0.287353 0.94788 255 0 0 7732 4
1.43063 5.20675 3.33333 -0.035665 0.415293 0.908989 255 0 0 7732 1
9.74992 6.13854 -3.84525 0.839765 -0.112793 0.531104 255 0 0 7732 8
2.03961 5.302 3.44608 0.309111 0.507373 0.804378 255 0 0 7732 1
9.83967 4.95996 -3.99289 0.765068 -0.0126456 0.643825 255 0 0 7732 8
6.35876 4.69809 4.1262 0.76593 0.642472 0.0240991 255 0 0 7732 7
5.23283 4.8931 2.95815 0.47795 0.512557 0.713337 255 0 0 7732 7
5.11111 5.02231 3.27744 0.412569 0.786708 0.459215 255 0 0 7732 7
9.97916 4.28812 -4.77947 0.814199 -0.140755 0.563265 255 0 0 7732 8
1.89085 5.22808 3.23985 0.138655 0.425555 0.894247 255 0 0 7732 0
9.51632 5.63027 -2.87709 0.845111 -0.0160383 0.534351 255 0 0 7732 8
-1.28728 4.45737 3.00887 -0.675796 0.399802 0.61924 255 0 0 7732 0
10.1336 4.79747 -4.76921 0.76813 -0.203789 0.606998 255 0 0 7732 9
8.74992 4.53603 -2.60119 0.856003 -0.144542 0.496353 255 0 0 7732 9
9 4.59947 -2.6637 0.912493 -0.00373125 0.409076 255 0 0 7732 9
9.68665 5.88425 -3.31797 0.813037 -0.203254 0.545582 255 0 0 7732 8
9.4779 6.1185 -3.29441 0.853113 -0.0591779 0.518359 255 0 0 7732 8
6.15075 4.83937 4.11271 0.657379 0.753225 -0.0224709 255 0 0 7732 0
8.99201 5.87279 -2.1134 0.942794 -0.0544306 0.328902 255 0 0 7732 9
6.41667 4.51062 4.62892 0.826771 0.54721 0.130423 255 0 0 7732 7
5.05314 5.33325 4.4764 0.296394 0.945459 0.135122 255 0 0 7732 0
9.0837 5.55361 -2.13967 0.921952 -0.0562761 0.383194 255 0 0 7732 1
10 4.79429 -4.25 0.711961 -0.0905644 0.696355 255 0 0 7732 9
5.11504 5.04884 3.3715 0.381939 0.816253 0.433421 255 0 0 7732 0
9.34997 5.63856 -2.63936 0.918929 -0.0837686 0.385425 255 0 0 7732 8
6.5 4.44772 3.79304 0.813153 0.580703 -0.0395781 255 0 0 7732 7
1.38385 5.81899 5.8118 -0.0288406 0.952353 0.303632 255 0 0 7732 0
2.70856 5.02201 3.18348 0.0763465 0.299627 0.950997 255 0 0 7732 8
0.451126 5.74941 6.13918 0.0277933 0.991667 0.125792 255 0 0 7732 0
9.97994 4.78698 -4.6861 0.72218 -0.151688 0.674868 255 0 0 7732 8
8.82471 5.53753 -2.03224 0.934794 -0.0479749 0.351936 255 0 0 7732 9
9.60006 5.81303 -3.05556 0.886977 -0.0888998 0.453175 255 0 0 7732 8
-0.0112126 5.25 3.33333 -0.253586 0.698212 0.669473 255 0 0 7732 1
2.59646 5.02639 3.37986 -0.078661 0.324476 0.942617 255 0 0 7732 8
9.91751 6.21599 -3.82122 0.800918 -0.14997 0.579689 255 0 0 7732 8
9.72682 4.45324 -4.36114 0.760225 -0.165145 0.62832 255 0 0 7732 9
9.83492 6.05002 -3.55923 0.79245 -0.0933569 0.60275 255 0 0 7732 8
9.66658 4.7823 -4.11287 0.814935 -0.096637 0.571439 255 0 0 7732 9
2.63791 4.80458 3.30626 0.104732 0.340644 0.934341 255 0 0 7732 8
6.19071 4.75 5.04275 0.761865 0.613454 0.207929 255 0 0 7732 7
1.38177 5.14425 3.16658 -0.0498528 0.475403 0.878354 255 0 0 7732 1
9.08144 4.52935 -3.27912 0.878923 -0.0520052 0.474119 255 0 0 7732 9
9.41667 5.79949 -2.63086 0.866774 -0.125303 0.482702 255 0 0 7732 8
2.12025 5.19621 3.43531 0.260434 0.550332 0.79329 255 0 0 7732 7
10.1667 5.53358 -4.25 0.745235 0.0251913 0.666326 255 0 0 7732 8
9.58333 4.87472 -3.64218 0.853133 0.0150267 0.521478 255 0 0 7732 8
1.94049 5.22506 3.23101 0.14039 0.398211 0.906487 255 0 0 7732 0
1.8864 5.28009 3.22172 0.117605 0.38749 0.914341 255 0 0 7732 7
9.92053 5.04789 -4.05351 0.808226 -0.0286026 0.588177 255 0 0 7732 4
9.42939 6.04404 -2.64101 0.893983 -0.102731 0.436166 255 0 0 7732 8
6.5 4.5 3.78399 0.808301 0.58828 -0.0239998 255 0 0 7732 0
9.95284 4.70906 -4.64208 0.76692 -0.198623 0.610231 255 0 0 7732 8
9.73957 6.13299 -3.81858 0.84516 -0.128512 0.518835 255 0 0 7732 8
9.091 5.05236 -2.66667 0.861727 0.0243713 0.506787 255 0 0 7732 9
9.73621 7.36666 -3.78662 0.907276 -0.0860941 0.411629 255 0 0 7732 8
9.59212 7.47658 -2.38815 0.872799 -0.292292 0.390881 255 0 0 7732 8
9.667 6.47095 -2.98955 0.823622 -0.21341 0.525455 255 0 0 7732 8
9.82626 7.45649 -3.44221 0.908917 0.00439328 0.416953 255 0 0 7732 8
9.40874 7.43798 -2.44422 0.882228 -0.322405 0.343116 255 0 0 7732 8
9.71913 7.4764 -3.89232 0.848546 -0.170667 0.500841 255 0 0 7732 8
10.0505 7.19736 -3.87399 0.734871 -0.13578 0.664476 255 0 0 7732 8
9.79337 6.61618 -2.88766 0.834229 -0.272426 0.479423 255 0 0 7732 8
9.78659 7.51573 -3.93191 0.827318 -0.203914 0.523416 255 0 0 7732 8
10.1436 6.77908 -4.28222 0.727651 0.0282098 0.685367 255 0 0 7732 8
10.0962 7.51915 -3.57095 0.799154 0.0580742 0.598314 255 0 0 7732 8
9.89088 6.54073 -3.9608 0.933103 -0.0200198 0.359051 255 0 0 7732 8
9.83333 7.34623 -3 0.858588 -0.117239 0.499081 255 0 0 7732 8
9.27177 6.37758 -2.2977 0.899464 -0.0897387 0.427682 255 0 0 7732 1
9.71794 7.46048 -3.70244 0.924076 -0.0771012 0.374352 255 0 0 7732 8
10.1065 7.2098 -3.88568 0.705964 -0.157414 0.690533 255 0 0 7732 8
9.84559 7.13134 -3.04347 0.899145 -0.121085 0.420568 255 0 0 7732 8
9.96942 6.94997 -3.54963 0.726219 -0.104433 0.679485 255 0 0 7732 8
10.0371 7.1291 -3.88405 0.733329 -0.0948853 0.67322 255 0 0 7732 8
9.40324 7.21318 -2.61351 0.839197 -0.219249 0.497673 255 0 0 7732 8
9.95324 7.03458 -3.53828 0.682731 -0.0908078 0.725006 255 0 0 7732 8
10.0992 7.29567 -4.05783 0.810904 -0.148647 0.565985 255 0 0 7732 8
9.79895 6.62313 -2.95404 0.855082 -0.238751 0.460253 255 0 0 7732 8
9.66658 7.47367 -3.87281 0.819747 -0.217252 0.529921 255 0 0 7732 8
9.52566 6.88274 -2.45777 0.897882 0.00322794 0.440225 255 0 0 7732 8
10.0538 7.37527 -4.04208 0.8444 -0.158116 0.511848 255 0 0 7732 8
9.58325 7.11299 -3.10104 0.941604 -0.147702 0.3026 255 0 0 7732 8
9.23561 7.45133 -2.11489 0.912361 -0.144539 0.383022 255 0 0 7732 8
9.22168 7.36707 -2.04259 0.906707 -0.175912 0.383324 255 0 0 7732 8
9.52879 7.466 -2.29878 0.872334 -0.289137 0.39425 255 0 0 7732 8
9 7.46077 -0.916667 0.916762 -0.0634475 0.394363 255 0 0 7732 8
9.90287 6.54067 -4.03091 0.934129 -0.0187805 0.35644 255 0 0 7732 8
10.1773 5.40157 -4.29717 0.708603 -0.130733 0.69339 255 0 0 7732 8
9.62199 7.12123 -3.11487 0.939681 -0.141488 0.311417 255 0 0 7732 8
9.87161 6.70912 -3.96561 0.846666 -0.0792291 0.526193 255 0 0 7732 8
9.25845 6.97748 -1.81018 0.916914 -0.176647 0.357861 255 0 0 7732 8
9.79844 7.03948 -4.03072 0.857763 0.0531193 0.511293 255 0 0 7732 8
9.89468 7.43481 -4.0956 0.84071 -0.169813 0.51417 255 0 0 7732 8
9.94183 7.44194 -3.12775 0.868843 -0.152677 0.470958 255 0 0 7732 8
9.56453 7.28731 -2.93814 0.950253 -0.100229 0.294912 255 0 0 7732 8
10.0522 7.44499 -4.04358 0.842489 -0.181225 0.507316 255 0 0 7732 8
10.0182 6.69884 -3.73625 0.855482 -0.0274942 0.517101 255 0 0 7732 8
9.74088 7.44575 -3.92383 0.835167 -0.188059 0.516847 255 0 0 7732 8
9.70309 6.52932 -3.02878 0.825998 -0.225572 0.516571 255 0 0 7732 8
10.0104 7.12762 -3.48487 0.688584 -0.0896053 0.719599 255 0 0 7732 8
10.0146 7.04909 -3.83134 0.751679 0.00295512 0.659522 255 0 0 7732 8
9.75 6.8955 -3.06416 0.941159 -0.131097 0.311503 255 0 0 7732 8
10.1319 7.46663 -3.62581 0.763104 0.129809 0.633106 255 0 0 7732 8
10.0276 6.62072 -3.80153 0.864586 -0.0317027 0.501483 255 0 0 7732 8
10.0487 7.4605 -3.59001 0.802998 0.0648182 0.592447 255 0 0 7732 8
9.24992 7.36225 -2.19798 0.917938 -0.156929 0.364366 255 0 0 7732 8
10.0046 7.23233 -3.56173 0.804809 -0.0879405 0.586982 255 0 0 7732 8
9.68004 7.04814 -2.72524 0.917847 -0.174378 0.35658 255 0 0 7732 8
10.0874 7.20723 -3.83333 0.691418 -0.164242 0.703538 255 0 0 7732 8
9.89946 6.78443 -3.94574 0.795127 -0.0573971 0.603721 255 0 0 7732 8
9.58325 7.11337 -3.05702 0.943226 -0.143056 0.299766 255 0 0 7732 8
10.022 7.27433 -3.6096 0.850137 -0.0814911 0.520218 255 0 0 7732 8
9.80087 7.04931 -3.94789 0.922175 0.112261 0.370123 255 0 0 7732 8
9.74992 7.12636 -3.8797 0.966488 0.0570521 0.250293 255 0 0 7732 8
9.47529 6.7895 -3.10859 0.761733 -0.184617 0.621031 255 0 0 7732 8
9.74139 7.54397 -3.63482 0.946145 -0.0292877 0.322415 255 0 0 7732 8
9.23097 7.3771 -2.10591 0.911546 -0.16131 0.378237 255 0 0 7732 8
10.039 6.7078 -3.79387 0.859175 -0.0404192 0.510082 255 0 0 7732 8
9.72456 7.0373 -3.36218 0.878858 -0.201337 0.432519 255 0 0 7732 8
10.036 7.44656 -3.46978 0.877039 -0.0728301 0.474867 255 0 0 7732 8
9.08333 7.29633 -1.22731 0.906125 -0.0638405 0.418164 255 0 0 7732 8
10.0304 6.8775 -3.54002 0.738221 -0.0869872 0.668927 255 0 0 7732 8
9.65944 7.45588 -3.11033 0.873015 -0.033832 0.486518 255 0 0 7732 8
9.42642 7.30353 -2.05559 0.870353 -0.228517 0.436194 255 0 0 7732 1
-2.25068 8.88257 -0.399327 -0.595189 0.160983 0.787295 255 0 0 7732 8
8.75 8.76707 0.0833333 0.738384 0.176812 0.650789 255 0 0 7732 1
9.3826 7.70811 -2.27945 0.926398 -0.117518 0.357738 255 0 0 7732 8
9.16658 7.76493 -1.69355 0.897735 -0.265415 0.351607 255 0 0 7732 8
-2.29145 3.44282 1.80708 -0.133647 -0.0716582 0.988435 255 0 0 7732 8
9.84035 7.71428 -2.46382 0.899246 -0.145154 0.412658 255 0 0 7732 8
9.49038 8.28096 -2.4412 0.944402 -0.0607353 0.323135 255 0 0 7732 8
9.45454 8.28679 -2.5234 0.957247 -0.124534 0.261093 255 0 0 7732 8
9.47478 8.12635 -2.36683 0.938923 -0.0357375 0.342268 255 0 0 7732 8
-2.00008 8.80903 -0.166667 -0.646856 -0.112688 0.754241 255 0 0 7732 9
9.35043 8.29092 -1.38193 0.826799 -0.0241712 0.561978 255 0 0 7732 8
8.66658 8.7362 -0.292242 0.880318 0.128623 0.456615 255 0 0 7732 8
9.97604 7.62505 -3.68752 0.830341 0.00607172 0.557222 255 0 0 7732 4
-2.29799 3.37627 1.74992 -0.0885194 0.0951946 0.991515 255 0 0 7732 8
9.47558 8.20928 -2.45271 0.942075 -0.051885 0.331366 255 0 0 7732 8
9.24101 8.45304 -1.60659 0.876933 -0.134006 0.461553 255 0 0 7732 8
10.0008 7.69397 -3.65202 0.824534 0.0477012 0.563797 255 0 0 7732 4
9.66904 7.99363 -2.33333 0.849329 -0.127797 0.51216 255 0 0 7732 8
9.10236 8.45303 -0.631628 0.887284 -0.0476315 0.458758 255 0 0 7732 4
9.72835 7.80039 -3.10484 0.818704 -0.231337 0.525554 255 0 0 7732 8
9.33805 8.6293 -1.48948 0.893369 -0.0730837 0.443341 255 0 0 7732 8
9 8.61729 -0.492543 0.90719 0.0608818 0.416293 255 0 0 7732 1
10.0895 7.81112 -3.31018 0.81731 -0.205066 0.538472 255 0 0 7732 4
9.77244 8.29419 -2.38378 0.894462 -0.0974009 0.436406 255 0 0 7732 8
9.73741 7.85477 -3.09798 0.818492 -0.232353 0.525435 255 0 0 7732 8
9.79863 7.61338 -3.61643 0.909058 -0.000884824 0.416669 255 0 0 7732 8
9.37311 7.86926 -2.27955 0.969462 -0.0720756 0.234411 255 0 0 7732 8
-1.83333 8.71022 -0.250083 -0.701821 0.0307561 0.711689 255 0 0 7732 8
9.35997 8.37068 -1.38929 0.829067 -0.01177 0.559025 255 0 0 7732 8
10.0193 7.62961 -3.38909 0.773157 -0.0361402 0.633184 255 0 0 7732 8
9.81824 7.62864 -3.44404 0.927348 0.035872 0.372477 255 0 0 7732 8
9.70151 7.55736 -3.81071 0.83557 -0.202759 0.510599 255 0 0 7732 8
9.75 7.71584 -2.62212 0.92805 -0.172525 0.330089 255 0 0 7732 8
8.69258 8.70335 0.10842 0.758177 0.113173 0.642152 255 0 0 7732 8
8.75 8.78813 0.0368056 0.759094 0.180059 0.625584 255 0 0 7732 1
9.5 8.14514 -1.74696 0.87833 -0.0723901 0.472542 255 0 0 7732 8
9.37148 7.78545 -2.28562 0.960739 -0.081943 0.265076 255 0 0 7732 8
9.34822 8.42627 -1.38611 0.831499 -0.00949125 0.555446 255 0 0 7732 8
9.36345 8.392 -1.45203 0.843357 -0.033476 0.53631 255 0 0 7732 8
9.68444 8.03993 -2.38629 0.857409 -0.110274 0.502683 255 0 0 7732 8
-2.00465 8.87657 -0.164275 -0.631499 -0.11524 0.766765 255 0 0 7732 9
9.56144 7.79147 -2.86679 0.921757 -0.210444 0.325694 255 0 0 7732 8
9.77797 7.70991 -2.46118 0.911849 -0.164486 0.376133 255 0 0 7732 8
9.68985 8.22122 -2.38802 0.899217 -0.0610843 0.433217 255 0 0 7732 8
10.5559 3.60547 -5.30293 0.585075 -0.135258 0.799621 255 0 0 7732 8
-1.33248 10.0709 -0.16675 -0.608606 0.43554 0.663253 255 0 0 7732 9
-0.569202 10.0508 0.412515 -0.577742 0.217707 0.78665 255 0 0 7732 8
7.19201 9.58555 1.25 0.343135 0.696675 0.630003 255 0 0 7732 8
2.54398 9.93782 2.16667 0.169033 0.328545 0.92924 255 0 0 7732 8
4.78593 9.75 1.84425 0.10218 0.830479 0.547599 255 0 0 7732 8
1.02834 9.79457 1.57306 -0.363116 0.0676809 0.929282 255 0 0 7732 1
10.2878 6.21819 -4.29927 0.85917 -0.0716189 0.506654 255 0 0 7732 8
2.69494 9.92922 2.16667 0.169132 0.425234 0.88914 255 0 0 7732 8
-2.02138 9.20192 -0.241889 -0.577457 0.0636621 0.813936 255 0 0 7732 9
-2.02141 10.1154 -0.80882 -0.654745 0.364482 0.662164 255 0 0 7732 8
10.4258 4.88297 -4.83112 0.677482 -0.0553875 0.733451 255 0 0 7732 8
-1.05139 10.279 0.242212 -0.483976 0.0651065 0.872656 255 0 0 7732 1
5.43517 9.66667 1.75 0.198085 0.661329 0.723469 255 0 0 7732 8
-1.1085 10.2109 0.260876 -0.52073 0.0901934 0.848944 255 0 0 7732 1
0.391702 9.70392 1.42563 -0.435903 0.341785 0.832569 255 0 0 7732 8
-1.36337 10.1247 0.102962 -0.748747 0.111229 0.653457 255 0 0 7732 1
-0.722443 10.197 0.0490618 -0.544778 0.49523 0.676731 255 0 0 7732 6
10.4166 7.21991 -4.60274 0.767351 -0.0272997 0.640646 255 0 0 7732 8
-0.610726 10.1185 0.43697 -0.572235 0.119325 0.811362 255 0 0 7732 8
10.5092 4.46971 -4.97365 0.662511 -0.151751 0.73352 255 0 0 7732 4
-1.84724 9.28865 -0.153045 -0.69612 0.0794018 0.713521 255 0 0 7732 9
10.2472 5.5362 -4.77904 0.832157 -0.0653034 0.550681 255 0 0 7732 8
10.4401 4.53459 -4.8953 0.678005 -0.0736612 0.731357 255 0 0 7732 9
0.77332 9.96248 1.3245 -0.484837 0.10945 0.867729 255 0 0 7732 1
5.29214 9.75668 1.5376 0.131567 0.886963 0.442704 255 0 0 7732 8
-2.27954 9.9245 -0.817707 -0.609871 0.337579 0.717007 255 0 0 7732 6
-1.36413 10.2193 0.139964 -0.767416 0.09303 0.634364 255 0 0 7732 1
0.555834 9.87284 1.43386 -0.499331 0.0764638 0.863031 255 0 0 7732 8
5.11598 9.67543 1.84577 0.205465 0.711617 0.671852 255 0 0 7732 8
6.69389 9.59104 1.43116 0.235523 0.813124 0.532314 255 0 0 7732 8
0.666583 9.63649 1.59294 -0.457395 0.141586 0.87792 255 0 0 7732 8
10.4805 3.45471 -5.50475 0.528863 -0.0636675 0.846316 255 0 0 7732 8
-1.8115 8.96084 -0.268994 -0.656287 0.0831124 0.74992 255 0 0 7732 9
0.561975 9.95896 1.43457 -0.516871 -0.0110412 0.855992 255 0 0 7732 1
2.37755 10.0416 2.04841 0.387381 0.566556 0.72729 255 0 0 7732 8
-0.597248 10.0322 0.433936 -0.562167 0.159828 0.811433 255 0 0 7732 1
10.4398 7.2146 -4.38945 0.735771 -0.0542183 0.675057 255 0 0 7732 8
7.11358 9.59949 1.26836 0.30755 0.727678 0.613105 255 0 0 7732 8
0.52659 10.0383 1.24992 -0.467928 -0.0340495 0.883111 255 0 0 7732 8
-1.93911 9.36573 -0.227021 -0.638334 0.219103 0.737918 255 0 0 7732 9
3.13764 9.83333 2.25 0.0157909 0.663322 0.748168 255 0 0 7732 8
0.249917 9.77382 1.33333 -0.446564 0.191882 0.873935 255 0 0 7732 1
10.4662 3.86305 -5.42899 0.507638 -0.0438089 0.860456 255 0 0 7732 8
-0.41675 10.2235 0.833333 -0.540067 0.16345 0.825598 255 0 0 7732 8
0.682506 9.87298 1.31843 -0.485265 0.12464 0.865438 255 0 0 7732 1
-0.947091 10.2088 0.126771 -0.430634 0.263773 0.863121 255 0 0 7732 8
9.19565 9.04371 -1.04825 0.807362 -0.167212 0.565867 255 0 0 7732 8
-1.80051 9.04463 -0.28525 -0.659009 0.108912 0.744208 255 0 0 7732 8
-1.24238 10.3496 0.0374579 -0.781279 0.1744 0.599323 255 0 0 7732 1
-1.44831 10.1963 -0.126529 -0.713752 0.233676 0.660268 255 0 0 7732 1
2.37659 9.94841 2.16667 0.00874505 0.278802 0.960309 255 0 0 7732 8
-1.66675 9.69705 -0.0478509 -0.664344 0.127537 0.736466 255 0 0 7732 9
2.62794 9.942 2.14859 0.182863 0.366302 0.912351 255 0 0 7732 8
7.88254 9.44092 0.730024 0.580769 0.352579 0.733754 255 0 0 7732 1
10.2801 5.95726 -4.39423 0.785523 -0.0492579 0.616869 255 0 0 7732 4
-0.625518 10.1195 0.38735 -0.562657 0.179231 0.807028 255 0 0 7732 8
10.3333 5.94708 -4.40605 0.787125 -0.0319239 0.615967 255 0 0 7732 8
10.446 7.29386 -4.62729 0.791544 -0.005331 0.611089 255 0 0 7732 8
-1.79462 9.12488 -0.288808 -0.670944 0.111285 0.73311 255 0 0 7732 1
10.3045 5.46116 -4.85065 0.798922 -0.081169 0.595932 255 0 0 7732 8
10.5369 7.19879 -4.45824 0.731335 -0.0779282 0.677551 255 0 0 7732 8
10.4705 3.77886 -5.42854 0.532586 -0.0568063 0.844467 255 0 0 7732 8
5.77951 9.67184 1.66908 0.221336 0.663866 0.714348 255 0 0 7732 8
-0.879822 10.2164 0.223409 -0.482363 0.207687 0.850995 255 0 0 7732 1
10.44 3.12552 -5.40027 0.627922 -0.0495685 0.776696 255 0 0 7732 8
0.810977 9.94257 1.68356 -0.433243 0.0312371 0.900736 255 0 0 7732 8
10.4296 4.95743 -4.82372 0.685838 -0.0609435 0.725198 255 0 0 7732 8
-1.97321 10.1163 -0.787178 -0.596002 0.399279 0.696676 255 0 0 7732 8
1.33226 9.71193 1.91667 -0.335387 0.155551 0.92915 255 0 0 7732 8
-1.64548 9.63777 -0.434765 -0.551172 0.383689 0.74094 255 0 0 7732 8
6.02895 9.67013 1.59731 0.291269 0.71734 0.632919 255 0 0 7732 8
10.5356 3.62847 -5.25 0.5659 -0.140817 0.812359 255 0 0 7732 8
6.55604 9.66667 1.41809 0.135499 0.900166 0.413935 255 0 0 7732 8
2.61681 9.94063 2.16706 0.187153 0.345515 0.919562 255 0 0 7732 8
7.29156 9.62996 0.961301 0.28898 0.802215 0.522439 255 0 0 7732 8
-0.80831 10.0357 0.149614 -0.489778 0.325294 0.808889 255 0 0 7732 8
1.46798 10.0269 1.9255 -0.281467 0.0509604 0.958217 255 0 0 7732 1
-1.8157 9.13022 -0.341533 -0.672062 0.135681 0.727959 255 0 0 7732 1
-1.71741 9.46373 -0.363728 -0.497457 0.383759 0.777988 255 0 0 7732 1
-1.67315 9.20779 0.0174253 -0.675952 0.00679056 0.736914 255 0 0 7732 9
6.77669 9.66667 1.34268 0.195404 0.898887 0.392198 255 0 0 7732 8
-1.84948 9.37297 -0.14665 -0.724215 0.11053 0.680658 255 0 0 7732 9
10.6215 4.87565 -5.06578 0.677861 -0.15875 0.717846 255 0 0 7732 8
10.6984 3.5611 -5.37231 0.514544 0.0298406 0.856945 255 0 0 7732 9
10.6841 6.14331 -4.91667 0.700365 -0.157597 0.69617 255 0 0 7732 8
10.5318 3.44394 -5.52135 0.546066 -0.0553789 0.83591 255 0 0 7732 8
10.6589 6.78597 -5.0162 0.782336 -0.107299 0.613545 255 0 0 7732 8
10.5848 7.19443 -4.48708 0.717776 -0.0976541 0.689392 255 0 0 7732 8
10.8574 6.80491 -4.98139 0.663632 -0.0206643 0.747774 255 0 0 7732 8
10.6152 3.57334 -5.31337 0.561369 -0.040695 0.826564 255 0 0 7732 8
10.6559 6.96039 -4.93258 0.721924 -0.0850651 0.686724 255 0 0 7732 8
10.75 6.4588 -4.91667 0.722776 -0.0289536 0.690476 255 0 0 7732 8
10.6777 5.22494 -5.0408 0.646822 -0.120655 0.753036 255 0 0 7732 8
10.6963 7.28152 -4.64203 0.666501 0.0137927 0.745376 255 0 0 7732 8
10.7832 3.62652 -5.37175 0.441055 0.0717424 0.894608 255 0 0 7732 9
10.6873 5.29521 -5.04674 0.666618 -0.118271 0.735957 255 0 0 7732 8
-3.66667 6.5354 -2.68215 -0.899638 0.0717453 0.430703 255 0 0 7732 6
-3.41947 9.60919 -1.97962 -0.726224 0.309871 0.613661 255 0 0 7732 6
-3.73397 7.5544 -2.85711 -0.92662 0.0023628 0.375992 255 0 0 7732 6
-3.43649 9.68262 -2.06091 -0.761301 0.317598 0.56529 255 0 0 7732 6
-3.48263 8.7148 -2.61457 -0.844036 0.10473 0.525962 255 0 0 7732 9
-3.87693 7.20973 -3.46079 -0.798679 0.135329 0.586343 255 0 0 7732 9
-3.97957 8.2135 -3.68816 -0.729931 0.227482 0.644556 255 0 0 7732 6
-3.81389 7.04592 -3.00877 -0.839307 0.108992 0.532621 255 0 0 7732 6
-3.86982 7.30417 -3.20953 -0.86852 0.139879 0.475507 255 0 0 7732 6
-3.09683 8.70293 -1.94151 -0.839863 0.203793 0.503089 255 0 0 7732 8
-3.52774 9.53818 -2.40862 -0.559586 0.242149 0.792608 255 0 0 7732 6
-2.63366 -1.46899 3.44453 -0.786061 -0.478478 0.391366 255 0 0 7732 8
-3.3369 8.95372 -1.73327 -0.739275 0.152991 0.655795 255 0 0 7732 9
-3.33333 8.10369 -2.26433 -0.903335 0.191938 0.383595 255 0 0 7732 8
-3.32403 9.05013 -2.14603 -0.784816 0.169128 0.596204 255 0 0 7732 8
-3.15713 2.12649 1.83325 -0.363712 0.177535 0.914437 255 0 0 7732 8
-3.11643 8.61704 -2.0242 -0.863567 0.25367 0.435779 255 0 0 7732 8
-3.05783 8.70251 -1.94862 -0.854163 0.215785 0.473121 255 0 0 7732 8
-3.83333 8.04685 -3.35202 -0.842171 0.301882 0.446783 255 0 0 7732 6
-3.47034 8.6445 -2.62784 -0.866679 0.104085 0.487888 255 0 0 7732 8
-3.35505 8.95911 -1.7974 -0.742694 0.175423 0.646245 255 0 0 7732 6
-3.89822 7.28362 -3.28011 -0.869339 0.159528 0.467761 255 0 0 7732 9
-3.80544 8.3013 -3.5344 -0.780529 0.308675 0.543594 255 0 0 7732 1
-3.48386 8.38686 -2.85938 -0.884104 0.299131 0.359 255 0 0 7732 1
-3.44835 9.63068 -2.0632 -0.762916 0.301644 0.571812 255 0 0 7732 6
-3.9025 7.13029 -3.61247 -0.877552 0.144759 0.457107 255 0 0 7732 9
-3.80948 7.128 -3.44714 -0.750524 0.132652 0.647393 255 0 0 7732 9
-3.46829 8.37755 -2.7931 -0.890567 0.255466 0.376333 255 0 0 7732 1
-3.33194 8.96713 -2.17456 -0.783513 0.127808 0.608089 255 0 0 7732 8
-3.61039 8.55299 -2.53489 -0.851896 0.15621 0.499871 255 0 0 7732 6
-3.16667 1.80053 1.985 -0.724913 0.26705 0.634969 255 0 0 7732 1
-3.37719 9.39855 -2.41675 -0.469642 0.227697 0.852989 255 0 0 7732 6
-3.91667 7.46171 -3.43987 -0.878076 0.0522102 0.475664 255 0 0 7732 9
11.2286 5.7079 -5.77038 0.517592 -0.134771 0.844947 255 0 0 7732 8
11.4328 6.70668 -5.40778 0.439033 -0.0837029 0.894564 255 0 0 7732 8
11.2968 5.77862 -5.8046 0.545075 -0.0703453 0.835431 255 0 0 7732 8
11.0132 5.05664 -5.32804 0.602026 -0.0655166 0.795784 255 0 0 7732 8
11.2861 6.37165 -5.76173 0.764437 -0.0305513 0.643974 255 0 0 7732 8
11.366 6.79526 -5.37824 0.489035 -0.0826478 0.86834 255 0 0 7732 8
11.0935 7.2787 -5.08013 0.72928 0.0768285 0.679888 255 0 0 7732 8
11.0659 6.69865 -5.42421 0.702734 -0.0356773 0.710558 255 0 0 7732 8
11.0924 7.12486 -5.07503 0.64588 0.0892183 0.758208 255 0 0 7732 8
10.9606 7.20666 -5.22718 0.694575 0.152887 0.702987 255 0 0 7732 8
11.5307 5.89219 -5.81163 0.618268 0.101869 0.779338 255 0 0 7732 8
11.3333 5.882 -5.86275 0.559312 -0.0701685 0.825982 255 0 0 7732 8
10.5236 2.29231 -5.56227 0.750265 -0.152112 0.643401 255 0 0 7732 8
11.0945 6.7939 -5.24697 0.618998 -0.0865438 0.78061 255 0 0 7732 8
11.0129 7.20603 -4.99382 0.615822 0.108299 0.780407 255 0 0 7732 8
11.3386 6.89388 -5.33333 0.533641 -0.048659 0.84431 255 0 0 7732 8
10.5589 2.30438 -5.83342 0.639538 0.0191231 0.768522 255 0 0 7732 8
11.0358 7.35001 -5.12504 0.74657 0.141491 0.650088 255 0 0 7732 4
11.3636 7.12621 -5.38012 0.584773 0.213692 0.782545 255 0 0 7732 8
10.8843 7.21042 -5.10908 0.692502 0.13848 0.708 255 0 0 7732 8
11.1039 7.27502 -5.13637 0.780691 0.107108 0.615669 255 0 0 7732 8
10.6035 3.45245 -5.55361 0.609734 -0.004577 0.792593 255 0 0 7732 8
10.9339 5.62318 -5.2422 0.603472 0.0868714 0.792638 255 0 0 7732 8
11.1893 7.12705 -5.25 0.786545 0.0780055 0.612587 255 0 0 7732 8
11.0247 5.12239 -5.31097 0.606782 -0.00428719 0.794857 255 0 0 7732 8
10.9121 7.22599 -5.25008 0.672208 0.189217 0.715774 255 0 0 7732 4
11.2359 6.61628 -5.51312 0.495191 -0.0639558 0.866427 255 0 0 7732 8
11.2843 6.39971 -5.41667 0.465931 -0.128665 0.875417 255 0 0 7732 8
11.0266 5.04143 -5.3756 0.636436 -0.0522037 0.769561 255 0 0 7732 8
10.948 4.99688 -5.33333 0.566517 -0.149765 0.810326 255 0 0 7732 8
-4.40026 6.79487 -4.86056 -0.8834 0.161699 0.439838 255 0 0 7732 6
-4.97917 4.54301 -6.09836 -0.850536 -0.0213608 0.525483 255 0 0 7732 9
-4.99516 3.2995 -6.27011 -0.819332 0.0571922 0.570459 255 0 0 7732 9
-4.58333 5.46443 -4.94107 -0.901206 0.0303041 0.43233 255 0 0 7732 9
-4.26029 7.55158 -3.81855 -0.877066 0.0209843 0.479912 255 0 0 7732 6
-4.21009 7.30346 -4.46455 -0.901815 0.0641512 0.427334 255 0 0 7732 6
-4.44276 7.21626 -4.22003 -0.939218 -0.0133524 0.343061 255 0 0 7732 9
-4.51263 6.93137 -4.58333 -0.877774 0.0985984 0.468819 255 0 0 7732 9
-4.08697 7.54252 -3.2979 -0.897513 0.118088 0.424883 255 0 0 7732 6
-4.16675 8.10241 -3.65153 -0.867466 0.255935 0.426614 255 0 0 7732 6
-4.66675 4.9607 -4.47819 -0.954802 -0.031359 0.295585 255 0 0 7732 9
-4.42214 7.38509 -4.20876 -0.901345 -0.0699375 0.427418 255 0 0 7732 9
-4.25759 7.70997 -3.89829 -0.824813 -0.0395394 0.564022 255 0 0 7732 9
-4.25008 7.63856 -3.65007 -0.913398 -0.0510934 0.403849 255 0 0 7732 9
-4.91675 6.11285 -5.3042 -0.914363 0.163267 0.370519 255 0 0 7732 9
-4.44219 6.63046 -4.30008 -0.893798 0.0232445 0.447868 255 0 0 7732 9
-4.85156 6.20744 -5.1525 -0.91219 0.24211 0.330593 255 0 0 7732 9
-4.7644 6.46044 -5.05886 -0.877544 0.0784565 0.473035 255 0 0 7732 9
-4.36298 7.45482 -4.3779 -0.933779 -0.0140833 0.357574 255 0 0 7732 9
-4.58342 5.776 -4.38749 -0.887041 0.131557 0.44255 255 0 0 7732 9
-4.45857 6.79772 -4.20776 -0.863953 0.128984 0.486774 255 0 0 7732 9
-4.75726 6.71417 -4.91667 -0.773254 0.108595 0.624728 255 0 0 7732 9
-4.43488 7.29192 -4.4639 -0.936813 -0.0845555 0.339457 255 0 0 7732 9
-4.41612 6.45172 -5.18852 -0.685014 0.279273 0.672876 255 0 0 7732 9
-4.51272 6.70386 -4.47213 -0.905484 0.190233 0.379355 255 0 0 7732 9
-4.17577 6.19748 -3.46311 -0.92426 0.0424715 0.379393 255 0 0 7732 9
-3.99995 7.7142 -3.52314 -0.919864 0.131223 0.369636 255 0 0 7732 6
-4.8428 6.11609 -5.2301 -0.903136 0.19302 0.383522 255 0 0 7732 9
-4.25 6.74311 -4.34621 -0.8906 0.246497 0.382193 255 0 0 7732 9
-4.53625 6.5469 -5.2154 -0.823347 0.0935722 0.559772 255 0 0 7732 6
-4.98906 4.61576 -6.10081 -0.867563 -0.0150745 0.497099 255 0 0 7732 9
-4.58333 6.21544 -5.16675 -0.851583 0.170916 0.495575 255 0 0 7732 4
-4.21766 6.77949 -4.56167 -0.756946 0.204935 0.620511 255 0 0 7732 9
-4.05638 7.46595 -3.95356 -0.878289 0.0265117 0.477395 255 0 0 7732 6
-4.31965 7.55973 -4.3589 -0.933042 -0.00528982 0.359728 255 0 0 7732 9
-4.45063 6.46345 -5.14353 -0.75362 0.20901 0.623195 255 0 0 7732 9
-4.08342 7.11231 -3.38414 -0.894524 0.124126 0.42944 255 0 0 7732 9
-4.42572 6.94353 -4.16667 -0.82691 0.159677 0.539187 255 0 0 7732 9
-4.5 5.26794 -4.60441 -0.950233 -0.0817208 0.300631 255 0 0 7732 9
-4.91667 4.28217 -6.10672 -0.900973 -0.09517 0.423308 255 0 0 7732 9
-4.39806 7.38416 -4.45944 -0.935141 -0.0450162 0.351405 255 0 0 7732 9
-4.62537 6.62821 -5.22121 -0.857394 0.0320241 0.513663 255 0 0 7732 9
-4.66675 3.95898 -4.81431 -0.95257 0.0375626 0.301991 255 0 0 7732 9
-4.29353 6.3619 -4.46499 -0.863021 0.200034 0.463876 255 0 0 7732 9
-4.20993 7.36344 -4.52209 -0.876356 0.0562204 0.478372 255 0 0 7732 6
-4.41675 7.14038 -4.22553 -0.946428 -0.0119077 0.322695 255 0 0 7732 9
-4.37198 6.96244 -4.70462 -0.879564 0.0757214 0.469717 255 0 0 7732 6
-4.41667 6.72201 -4.85618 -0.856372 0.180906 0.483632 255 0 0 7732 9
-4.31577 6.32251 -4.51132 -0.856352 0.225401 0.464603 255 0 0 7732 9
-4.5 6.13297 -4.93053 -0.875869 0.132703 0.463943 255 0 0 7732 9
-4.08342 6.2089 -3.16667 -0.868127 0.121796 0.481167 255 0 0 7732 6
-4.85427 6.53815 -5.22376 -0.839076 0.0382902 0.542666 255 0 0 7732 9
-4.21534 7.27738 -4.37747 -0.917823 0.058335 0.392681 255 0 0 7732 6
-4.75 6.3702 -5.58342 -0.908195 0.154276 0.389076 255 0 0 7732 9
-4 7.80996 -3.85854 -0.921954 0.155667 0.354638 255 0 0 7732 6
-4.82234 6.20309 -5.78401 -0.951922 0.0624337 0.29991 255 0 0 7732 9
-4.35884 7.03689 -4.70977 -0.88044 0.0831097 0.466818 255 0 0 7732 6
-4.22396 6.78652 -4.29375 -0.888925 0.228357 0.397071 255 0 0 7732 9
-4.37048 7.19745 -4.46235 -0.93733 -0.0135042 0.34818 255 0 0 7732 9
-4.43927 6.95437 -4.21513 -0.882272 0.104241 0.459053 255 0 0 7732 9
-4.47559 6.47012 -5.18843 -0.753112 0.200448 0.626613 255 0 0 7732 9
-4.6935 6.45581 -4.97968 -0.895904 0.0487359 0.441567 255 0 0 7732 9
-5.00008 6.14757 -5.72046 -0.929438 -0.125671 0.346917 255 0 0 7732 9
-4.38915 7.11524 -4.2113 -0.939118 0.0179961 0.343123 255 0 0 7732 9
-4.91667 4.29315 -6.01901 -0.900237 -0.062989 0.430819 255 0 0 7732 9
-4.91675 4.03439 -5.63225 -0.941734 -0.0366985 0.33435 255 0 0 7732 9
-4.53766 6.62459 -5.20016 -0.844159 0.0546493 0.5333 255 0 0 7732 9
-5.00046 -0.360283 -6.3911 -0.883808 -0.315549 0.345415 255 0 0 7732 9
-4.08333 6.94605 -4.00191 -0.857588 0.15712 0.489751 255 0 0 7732 9
-4.75008 2.12023 -4.38672 -0.958112 0.0897753 0.271958 255 0 0 7732 9
-4.52864 6.54032 -4.29753 -0.853395 -0.0766635 0.515596 255 0 0 7732 9
-4.97418 4.21809 -6.18838 -0.910251 -0.10085 0.401588 255 0 0 7732 9
-4.85648 6.78911 -5.06265 -0.723023 0.164983 0.670834 255 0 0 7732 9
-4.14765 7.37166 -3.61502 -0.911152 -0.122551 0.393426 255 0 0 7732 9
-4.43961 7.29272 -4.1298 -0.919053 -0.0422846 0.39186 255 0 0 7732 9
-4.3927 6.62965 -5.04712 -0.686241 0.179757 0.704813 255 0 0 7732 9
-4.09899 7.27523 -3.32691 -0.836206 0.109832 0.537305 255 0 0 7732 6
-4.83333 4.87027 -5.68665 -0.903715 -0.0527407 0.424874 255 0 0 7732 9
-4.46665 6.79878 -5.18998 -0.761152 0.133957 0.634589 255 0 0 7732 6
-4.38697 6.70452 -5.11308 -0.676709 0.178216 0.714355 255 0 0 7732 9
-4.51218 6.78836 -4.22783 -0.886408 0.14781 0.438673 255 0 0 7732 9
-4.61268 6.54249 -5.21736 -0.856609 0.0352591 0.51476 255 0 0 7732 6
-4.35325 7.80591 -4.05136 -0.845269 -0.0393922 0.532887 255 0 0 7732 6
-4.81015 6.79725 -5.18016 -0.779411 0.0406863 0.625191 255 0 0 7732 9
-4.06074 7.54182 -3.94665 -0.860588 0.00620972 0.509264 255 0 0 7732 6
-5.00008 0.218466 -5.45958 -0.95241 0.0191969 0.304214 255 0 0 7732 9
-4.83333 6.1221 -5.69635 -0.944601 0.0567932 0.32327 255 0 0 7732 9
-4.23205 7.36757 -4.38226 -0.924951 0.0264244 0.379166 255 0 0 7732 9
-4.03921 7.46579 -3.88307 -0.88574 0.0345194 0.462896 255 0 0 7732 9
-4.35358 7.54086 -4.38179 -0.937239 -0.0137466 0.348418 255 0 0 7732 9
-4.19294 7.37925 -3.54854 -0.895335 -0.137958 0.423489 255 0 0 7732 9
-4.47411 6.54104 -5.19582 -0.765629 0.173236 0.619517 255 0 0 7732 9
-4.33333 6.97466 -4.75008 -0.874186 0.0997795 0.475229 255 0 0 7732 6
-4.91667 4.53808 -6.0103 -0.868984 -0.00302409 0.494831 255 0 0 7732 9
-4.38699 7.19954 -4.20614 -0.939308 0.00333653 0.343058 255 0 0 7732 9
-4.15263 7.2094 -4.36753 -0.894798 0.11074 0.432519 255 0 0 7732 6
-4.45318 6.62482 -4.96133 -0.752357 0.180968 0.633411 255 0 0 7732 6
-4.22885 6.79095 -4.60103 -0.682618 0.188151 0.706139 255 0 0 7732 6
-4.96503 3.52897 -6.2552 -0.912736 0.0315895 0.407326 255 0 0 7732 9
-4.16667 7.36339 -4.44323 -0.899038 0.0429166 0.435761 255 0 0 7732 6
-4.82923 3.96097 -5.87516 -0.933669 -0.0294334 0.356926 255 0 0 7732 9
-4.29089 6.47294 -4.4463 -0.865826 0.148593 0.477771 255 0 0 7732 9
-4.26702 7.55115 -3.8937 -0.838247 -0.00181067 0.545288 255 0 0 7732 6
-4.7594 6.62852 -4.90261 -0.784239 0.0766069 0.615712 255 0 0 7732 9
-4.40415 5.62769 -4.3653 -0.911068 0.09862 0.400287 255 0 0 7732 9
-4.58342 5.20605 -4.30354 -0.947976 0.000996008 0.31834 255 0 0 7732 9
-4.43318 6.53647 -4.22032 -0.880428 -0.019772 0.473768 255 0 0 7732 9
-4.58342 6.93924 -4.64212 -0.882049 0.12382 0.454597 255 0 0 7732 9
-4.5333 6.87694 -4.63148 -0.884326 0.096733 0.45674 255 0 0 7732 9
-4.41212 7.36785 -4.53268 -0.93547 -0.0616661 0.347985 255 0 0 7732 9
-4.23365 6.74315 -4.59595 -0.682431 0.189848 0.705866 255 0 0 7732 9
-4.24872 6.39104 -4.53119 -0.792904 0.270258 0.546135 255 0 0 7732 9
-4.52378 6.53358 -4.55271 -0.901621 0.0387764 0.430786 255 0 0 7732 9
-4.75 1.21664 -1.11616 -0.974739 0.221025 -0.0321361 255 0 0 7732 8
-4.9143 4.95494 -5.93253 -0.891151 -0.0187964 0.453317 255 0 0 7732 9
-4.19236 7.30963 -3.46913 -0.867305 -0.109814 0.485514 255 0 0 7732 6
-4.57125 6.5366 -5.25491 -0.826144 0.082803 0.557342 255 0 0 7732 9
-5.02338 -1.52498 -7.36972 -0.867072 -0.0741739 0.492629 255 0 0 7732 9
-5.1707 3.20738 -6.3924 -0.803029 -0.00764846 0.595892 255 0 0 7732 9
-4.89374 -0.231169 -6.77828 -0.978003 -0.0513832 0.202162 255 0 0 7732 9
-5.10365 4.45429 -5.79803 -0.868951 0.109066 0.48273 255 0 0 7732 9
-5.02714 -1.45913 -7.3866 -0.873398 -0.0581399 0.483524 255 0 0 7732 9
-4.81805 -1.54396 -7.44448 -0.82788 -0.213908 0.518516 255 0 0 7732 9
-4.75008 -2.365 -7.22773 -0.846766 -0.143242 0.512317 255 0 0 7732 9
-5.10372 -0.198408 -6.7163 -0.885338 -0.0838012 0.457333 255 0 0 7732 9
-5.08342 -1.37029 -7.48419 -0.88207 -0.0406779 0.46936 255 0 0 7732 9
-4.89382 -1.21097 -7.53595 -0.851752 -0.183399 0.490798 255 0 0 7732 9
-5 2.7991 -6.52523 -0.913828 0.0377161 0.404347 255 0 0 7732 9
-5.08342 4.21693 -5.9841 -0.941141 -0.0835841 0.327517 255 0 0 7732 9
-5.15993 0.303906 -7.27475 -0.945843 -0.0108361 0.324445 255 0 0 7732 9
-5.11125 4.30407 -6.11919 -0.859292 0.0448659 0.509514 255 0 0 7732 9
-4.91285 -1.15252 -7.5367 -0.85309 -0.199367 0.482173 255 0 0 7732 9
-5.06538 0.948087 -6.68592 -0.929593 0.0499304 0.36519 255 0 0 7732 9
-5.08333 0.312957 -7.19087 -0.949849 -0.00402031 0.312683 255 0 0 7732 9
-5.18777 0.299958 -7.27939 -0.923967 0.0215078 0.381866 255 0 0 7732 9
-5.11633 4.45444 -6.04559 -0.834499 0.110273 0.539862 255 0 0 7732 9
-5.14992 0.366134 -7.22581 -0.943428 -0.0142219 0.331272 255 0 0 7732 9
-5.12039 4.36507 -6.12065 -0.849385 0.0815794 0.52143 255 0 0 7732 9
-5.11383 0.298371 -7.1859 -0.946849 -0.00613966 0.32162 255 0 0 7732 9
-5.12331 4.53892 -6.0407 -0.852526 0.0670624 0.518365 255 0 0 7732 9
-4.66514 -0.613065 -6.50794 -0.820786 -0.271032 0.502844 255 0 0 7732 9
-5.16675 0.219028 -6.47372 -0.931714 -0.0728352 0.355815 255 0 0 7732 9
-5.16898 0.549775 -6.31178 -0.914269 -0.0163594 0.404777 255 0 0 7732 9
-5.16675 0.611167 -6.32234 -0.915211 0.0121382 0.402791 255 0 0 7732 9
-5.19233 1.20268 -6.6334 -0.92782 0.000393585 0.373028 255 0 0 7732 9
-5.16675 0.42915 -6.24893 -0.914331 -0.0528237 0.401508 255 0 0 7732 9
-4.65953 -0.567806 -6.45816 -0.847141 -0.301352 0.437652 255 0 0 7732 9
-5.16675 0.455616 -6.31015 -0.923996 -0.0726295 0.37544 255 0 0 7732 9
-5.09266 4.35366 -6.06098 -0.862585 0.0606395 0.502265 255 0 0 7732 9
-3.09079 10.25 -1.96866 -0.590051 0.594304 0.546482 255 0 0 7732 6
-5.17542 0.212196 -6.5536 -0.932419 -0.0865872 0.350852 255 0 0 7732 9
-5.28181 0.792435 -6.95711 -0.871324 0.0600309 0.487022 255 0 0 7732 9
-5.35901 0.296944 -7.21057 -0.910208 0.00458091 0.414125 255 0 0 7732 9
-5.25008 -6.12843 -7.40523 -0.824378 0.28152 0.491067 255 0 0 7732 6
-5.34226 0.2008 -7.12962 -0.920547 -0.0672852 0.384794 255 0 0 7732 9
-5.24452 0.54089 -7.52923 -0.860702 -0.0144364 0.508905 255 0 0 7732 9
-5.35887 0.370392 -7.21479 -0.910756 0.0376454 0.411225 255 0 0 7732 9
-5.2724 0.79165 -6.89253 -0.897483 0.0881108 0.432158 255 0 0 7732 9
-5.25 1.55441 -7.50008 -0.825341 0.159236 0.541716 255 0 0 7732 9
-5.29363 0.536655 -7.54004 -0.871982 0.00343121 0.489526 255 0 0 7732 9
-5.33333 0.121897 -7.5298 -0.924692 -0.0600413 0.375953 255 0 0 7732 9
-5.33716 -0.785832 -7.97269 -0.878782 0.00587646 0.477188 255 0 0 7732 9
-5.25008 0.957764 -6.79925 -0.865002 0.063976 0.497673 255 0 0 7732 9
-5.36431 0.465718 -7.29386 -0.920103 0.0366532 0.389958 255 0 0 7732 9
-5.22546 0.528112 -7.38145 -0.87527 0.0465749 0.481387 255 0 0 7732 9
-5.42694 1.53498 -7.55964 -0.845659 0.198346 0.4955 255 0 0 7732 9
-5.42573 0.538912 -7.39308 -0.894882 0.0776551 0.439494 255 0 0 7732 9
27.2752 -41.6936 -6.53375 0.249418 -0.967607 -0.0390774 255 0 0 7732 9
27.306 -41.4818 -6.38193 0.351904 -0.935295 -0.0372443 255 0 0 7732 9
20.9586 -41.75 -6.71359 -0.164216 -0.97288 -0.162906 255 0 0 7732 9
27.5157 -41.5898 -6.29026 0.294187 -0.952814 -0.0748315 255 0 0 7732 9
28.3867 -41.25 -5.39613 0.223663 -0.950434 -0.215989 255 0 0 7732 9
28.3799 -41.327 -5.12889 0.112908 -0.968327 -0.222697 255 0 0 7732 9
27.6197 -41.5373 -6.61719 0.171418 -0.982659 0.0706884 255 0 0 7732 6
27.6206 -41.5279 -6.54213 0.157298 -0.984002 0.0836521 255 0 0 7732 9
20.5425 -41.75 -6.79202 -0.0423049 -0.998973 -0.0162107 255 0 0 7732 9
27.2811 -41.7638 -6.45837 0.204077 -0.978932 0.00662005 255 0 0 7732 9
27.6984 -41.5346 -6.61338 0.176388 -0.981267 0.0774743 255 0 0 7732 6
28.0204 -41.3334 -6.54492 0.286286 -0.949107 -0.131288 255 0 0 7732 9
20.2113 -41.9168 -7.04443 -0.0507057 -0.997624 0.0466385 255 0 0 7732 9
29.9291 -41.5833 -3.04849 -0.0442745 -0.981015 -0.188809 255 0 0 7732 1
30.1992 -41.6425 -2.62901 0.203461 -0.929195 -0.308545 255 0 0 7732 8
29.7846 -42.3334 -0.612611 0.00131343 -0.983159 -0.182747 255 0 0 7732 8
29.8695 -41.7106 -3.46712 -0.154284 -0.946848 -0.282268 255 0 0 7732 8
21.5386 -41.75 -7.37521 -0.180307 -0.983414 0.0196472 255 0 0 7732 9
27.2299 -41.2344 -7.9598 0.373203 -0.921166 0.110328 255 0 0 7732 9
22.6906 -41.8333 -7.70077 -0.199926 -0.973957 -0.106941 255 0 0 7732 9
27.0431 -41.3162 -8.3746 0.277745 -0.95561 0.0983272 255 0 0 7732 9
27.2572 -41.4167 -8.30481 0.273406 -0.960922 0.0433377 255 0 0 7732 9
27.1851 -41.5001 -8.11615 0.298177 -0.949684 -0.0958729 255 0 0 7732 9
27.2809 -41.4231 -8.37559 0.246984 -0.964495 0.0935309 255 0 0 7732 9
27.6814 -41.1667 -8.11512 0.393666 -0.91815 -0.0450279 255 0 0 7732 9
30.7214 -42.2545 -0.868612 -0.0519736 -0.988359 -0.142989 255 0 0 7732 1
26.4757 -41.6667 -9.04266 0.0893935 -0.984756 0.149211 255 0 0 7732 9
26.0998 -41.7501 -8.88421 0.304029 -0.936269 0.175972 255 0 0 7732 9
26.6184 -41.6942 -8.87415 0.13469 -0.975399 0.174515 255 0 0 7732 9
26.3795 -41.4918 -9.03902 0.0680279 -0.991624 0.109796 255 0 0 7732 9
30.7967 -42.1539 -0.220337 0.00137741 -0.993066 -0.117554 255 0 0 7732 8
11.0348 -38.5417 -8.12338 -0.435396 -0.889761 0.136949 255 0 0 7732 2
26.53 -41.6667 -8.96401 0.155054 -0.980259 0.122681 255 0 0 7732 9
24.7186 -41.8333 -8.70767 0.20964 -0.977308 -0.0303365 255 0 0 7732 9
26.8754 -41.6015 -8.78748 0.332349 -0.8791 0.341654 255 0 0 7732 9
27.0519 -41.25 -9.02341 0.276167 -0.940193 0.199421 255 0 0 7732 9
26.6982 -41.6351 -8.8179 0.170213 -0.966965 0.189755 255 0 0 7732 9
27.1157 -41.4302 -8.71194 0.342263 -0.935136 0.0915217 255 0 0 7732 9
27.5127 -41.2928 -8.52505 0.15455 -0.976607 0.149513 255 0 0 7732 9
30.7944 -42.1546 -0.294531 0.0114077 -0.991426 -0.130175 255 0 0 7732 8
26.6062 -41.7036 -8.79623 0.114526 -0.972996 0.200408 255 0 0 7732 9
11.0274 -38.5298 -8.05122 -0.410202 -0.902278 0.132771 255 0 0 7732 2
26.9466 -41.5066 -9.13582 0.28904 -0.91708 0.274628 255 0 0 7732 9
30.7971 -42.2667 -0.873358 -0.0610864 -0.988952 -0.135062 255 0 0 7732 8
26.9527 -41.4634 -9.119 0.250025 -0.931174 0.265334 255 0 0 7732 9
30.8067 -42.0834 -1.70649 -0.174911 -0.983509 -0.0459956 255 0 0 7732 8
26.4463 -41.6021 -9.30194 0.331272 -0.872846 0.358328 255 0 0 7732 9
30.879 -42.3333 0.626173 0.0835534 -0.996488 0.00550325 255 0 0 7732 8
26.788 -41.4386 -9.46822 0.315772 -0.922276 0.222923 255 0 0 7732 9
30.8731 -42.4167 0.0451401 0.0448566 -0.998902 -0.0135484 255 0 0 7732 8
26.423 -41.6668 -9.31306 0.45055 -0.805645 0.384632 255 0 0 7732 9
26.4036 -41.4109 -9.27545 0.16653 -0.938669 0.301939 255 0 0 7732 9
30.8827 -42.1666 -0.300721 0.00485591 -0.992781 -0.119846 255 0 0 7732 1
26.4608 -41.3953 -9.28778 0.192446 -0.943054 0.271317 255 0 0 7732 9
26.3956 -41.6262 -9.34829 0.317344 -0.871793 0.373188 255 0 0 7732 9
27.2748 -41.347 -9.39683 0.280914 -0.950267 0.134461 255 0 0 7732 9
26.3738 -41.4463 -9.2215 0.136013 -0.958854 0.249197 255 0 0 7732 9
10.6086 -38.3333 -7.70912 -0.504367 -0.861458 -0.0591955 255 0 0 7732 2
31.1179 -42.421 -0.125623 -0.0318792 -0.999148 -0.0261925 255 0 0 7732 8
31.1208 -42.125 -1.2846 0.118121 -0.976225 0.181749 255 0 0 7732 8
31.1113 -42.4192 -0.429747 0.157806 -0.974555 -0.159185 255 0 0 7732 8
31.132 -41.9807 -1.21425 -0.167088 -0.983484 -0.0695803 255 0 0 7732 8
31.4544 -42.4571 0.457667 0.228252 -0.960129 0.161413 255 0 0 7732 8
31.4723 -41.5671 1.64757 0.491104 -0.775583 0.396596 255 0 0 7732 1
31.3698 -42.3767 -0.529089 -0.0334617 -0.998811 0.0354409 255 0 0 7732 8
31.3654 -42.4167 -0.0461698 0.11492 -0.992873 -0.0315809 255 0 0 7732 8
31.3685 -42.4292 -0.539588 -0.058156 -0.995822 0.070395 255 0 0 7732 8
31.3734 -42.5001 0.385306 0.1726 -0.983688 0.0506694 255 0 0 7732 8
31.5 -41.8517 1.68644 0.603308 -0.708915 0.365319 255 0 0 7732 8
31.3037 -42.4167 -0.045748 0.110613 -0.993131 -0.038144 255 0 0 7732 8
31.3246 -41.7281 1.73523 0.602599 -0.668371 0.436067 255 0 0 7732 8
31.8687 -42.5149 4.21018 0.00998525 -0.932998 -0.359742 255 0 0 7732 7
31.8769 -41.294 1.37242 0.505564 -0.828337 0.241376 255 0 0 7732 7
31.643 -42.0748 -0.787897 0.134666 -0.969923 -0.202766 255 0 0 7732 8
31.5284 -42.3334 0.776173 0.292289 -0.932931 0.210255 255 0 0 7732 1
31.7104 -42.4167 3.88055 -0.0227161 -0.937539 -0.347138 255 0 0 7732 7
31.5377 -42.5001 0.450094 0.220514 -0.962634 0.157193 255 0 0 7732 8
31.6856 -42.3334 -0.391981 0.264613 -0.956437 0.123322 255 0 0 7732 8
31.6377 -42.1557 -0.217439 0.292815 -0.95615 0.00611021 255 0 0 7732 8
31.5221 -42.4269 0.384221 0.258925 -0.952094 0.16271 255 0 0 7732 8
31.7102 -42.1427 -0.28805 0.228083 -0.97045 0.078772 255 0 0 7732 8
31.8625 -41.9168 2.39804 -0.013312 -0.939568 -0.342103 255 0 0 7732 7
31.8015 -41.3018 1.27419 0.525459 -0.803801 0.278921 255 0 0 7732 7
31.7224 -41.5709 1.31403 0.557257 -0.777853 0.290532 255 0 0 7732 7
31.6244 -42.5987 4.30153 0.0478189 -0.944138 -0.326064 255 0 0 7732 7
31.7171 -42.0024 2.64544 -0.0472319 -0.929922 -0.364712 255 0 0 7732 7
31.7024 -42.5877 4.38424 0.0648781 -0.947363 -0.313519 255 0 0 7732 7
31.6445 -42 0.893113 0.366832 -0.837091 0.405849 255 0 0 7732 1
31.9658 -42.0833 -0.20852 0.212991 -0.9763 0.0383757 255 0 0 7732 8
31.9396 -42.0001 0.954451 0.37495 -0.745245 0.551383 255 0 0 7732 1
32.1105 -42.2722 0.0541332 0.108343 -0.975457 0.191688 255 0 0 7732 8
32.1221 -42.4167 3.96803 0.0577349 -0.974404 -0.217263 255 0 0 7732 7
31.9757 -41.2479 1.3117 0.49557 -0.844223 0.2042 255 0 0 7732 8
32.1281 -42.8334 5.37494 0.111141 -0.957548 -0.265988 255 0 0 7732 7
32.0533 -41.2857 1.11761 0.471757 -0.849374 0.23666 255 0 0 7732 7
32.1221 -42.1613 3.70168 0.0257312 -0.941969 -0.334713 255 0 0 7732 7
32.022 -41.3515 1.12805 0.502792 -0.833744 0.228194 255 0 0 7732 7
32.123 -42.1794 -0.541348 0.20918 -0.964627 -0.160433 255 0 0 7732 8
32.0386 -42.2756 0.121065 0.113101 -0.971162 0.209886 255 0 0 7732 1
32.0719 -41.2323 1.07031 0.457112 -0.750613 0.477104 255 0 0 7732 7
31.9588 -42.6667 5.36164 0.0714468 -0.966052 -0.248273 255 0 0 7732 7
31.9815 -41.3175 1.19618 0.482711 -0.852985 0.198512 255 0 0 7732 7
32.1335 -41.0593 1.13298 0.261809 -0.858822 0.440319 255 0 0 7732 7
32.1746 -42.1668 -0.884036 0.231327 -0.972435 -0.0292945 255 0 0 7732 8
32.1033 -41.6769 1.09684 0.459943 -0.691844 0.556601 255 0 0 7732 8
32.2862 -42.3334 3.72266 0.0542412 -0.939985 -0.336876 255 0 0 7732 7
32.5381 -42.1218 -0.868661 0.122944 -0.990765 0.057172 255 0 0 7732 8
32.2073 -42.0893 0.598649 0.27704 -0.851226 0.445716 255 0 0 7732 1
32.529 -42.1668 -0.880409 0.158957 -0.985289 0.0627516 255 0 0 7732 8
32.3851 -42 -0.20827 0.137728 -0.99042 0.00994892 255 0 0 7732 8
32.5332 -42.6704 5.45343 0.252606 -0.940792 -0.226055 255 0 0 7732 7
32.38 -41.9167 3.02522 0.141731 -0.915705 -0.376028 255 0 0 7732 7
32.5512 -42.2783 3.54718 0.0523726 -0.963452 -0.26271 255 0 0 7732 7
32.3009 -41.6769 1.88567 0.192188 -0.914756 -0.355366 255 0 0 7732 7
32.2858 -41.2905 0.931681 0.465873 -0.458951 0.756523 255 0 0 7732 8
32.4615 -41.0273 1.11932 0.263076 -0.952972 0.150452 255 0 0 7732 7
32.2996 -42.0083 2.70861 0.0672724 -0.956689 -0.283234 255 0 0 7732 7
32.4682 -40.9929 1.03578 0.27701 -0.946778 0.163939 255 0 0 7732 7
32.3114 -41.3058 0.896848 0.43941 -0.458141 0.772675 255 0 0 7732 1
32.2174 -42 -0.463547 0.247525 -0.967474 -0.0522063 255 0 0 7732 8
32.5347 -41.0087 1.15595 0.266125 -0.955007 0.130917 255 0 0 7732 4
32.4653 -40.9982 1.11607 0.27953 -0.947377 0.156011 255 0 0 7732 7
32.2146 -41.1312 1.12234 0.269631 -0.951147 0.150394 255 0 0 7732 7
32.2831 -42.2522 3.56095 0.0439928 -0.947288 -0.31735 255 0 0 7732 7
32.3969 -41.2885 0.749917 0.471131 -0.52464 0.709076 255 0 0 7732 1
32.4535 -41.257 1.12899 0.206816 -0.964162 0.166191 255 0 0 7732 7
32.2203 -41.911 3.03466 -0.0523786 -0.944652 -0.323865 255 0 0 7732 7
32.5595 -41.1205 0.807246 0.134149 -0.90366 0.406696 255 0 0 7732 7
32.1973 -42.7673 5.30939 0.148423 -0.944126 -0.294272 255 0 0 7732 7
32.4569 -42.0183 2.63192 0.054148 -0.962881 -0.26444 255 0 0 7732 7
32.3008 -40.991 0.980908 0.327838 -0.814934 0.477917 255 0 0 7732 7
32.5552 -42.2584 3.62968 0.0492279 -0.969395 -0.24052 255 0 0 7732 7
32.3786 -41.2915 0.883172 0.436852 -0.496034 0.750407 255 0 0 7732 8
32.3896 -41.0114 1.0424 0.329711 -0.909258 0.254049 255 0 0 7732 7
32.9516 -41.957 0.36652 0.124777 -0.896189 0.425766 255 0 0 7732 8
33.3806 -41.209 0.945828 0.143386 -0.55872 0.816868 255 0 0 7732 8
32.8531 -42.0148 0.209198 0.131753 -0.97568 0.175183 255 0 0 7732 8
32.8936 -42.0833 4.18624 0.36606 -0.89193 -0.265444 255 0 0 7732 0
32.7055 -42.1668 3.2917 0.153798 -0.982669 -0.103474 255 0 0 7732 7
32.7136 -42.0703 3.53363 0.139362 -0.968031 -0.208553 255 0 0 7732 0
33.2985 -41.8336 0.534104 0.072885 -0.868438 0.490412 255 0 0 7732 8
33.1293 -41.264 0.838748 0.0662429 -0.539812 0.839175 255 0 0 7732 1
32.7019 -42.0557 2.88487 0.0920738 -0.963176 -0.252615 255 0 0 7732 7
32.6264 -41.0982 1.03054 0.224967 -0.942339 0.247766 255 0 0 7732 7
32.7881 -42.4167 4.56331 0.184775 -0.95494 -0.232267 255 0 0 7732 7
33.0418 -40.9632 0.626032 0.317052 -0.0988335 0.943245 255 0 0 7732 1
33.2922 -41.8 0.548836 0.091039 -0.845637 0.525938 255 0 0 7732 8
33.2716 -42.095 3.47002 0.317373 -0.935384 -0.155988 255 0 0 7732 7
33.2881 -41.7721 0.595173 0.0846381 -0.853876 0.513549 255 0 0 7732 1
32.6222 -42.0869 0.197846 0.140885 -0.948775 0.282803 255 0 0 7732 8
33.1224 -41.0361 0.6342 0.181962 -0.178759 0.966921 255 0 0 7732 1
32.9519 -42.0188 0.3656 0.0222038 -0.901395 0.432429 255 0 0 7732 8
32.6414 -42.2922 3.5248 0.0568324 -0.963201 -0.262704 255 0 0 7732 7
33.277 -42.4167 5.46084 0.275314 -0.939379 -0.204375 255 0 0 7732 7
33.3871 -41.6604 3.20117 0.316778 -0.929701 -0.187903 255 0 0 7732 0
32.6815 -42.0834 2.87835 0.0697271 -0.967312 -0.243814 255 0 0 7732 7
33.2904 -41.9485 3.13321 0.389522 -0.91034 -0.139836 255 0 0 7732 7
33.2041 -41.9167 3.6191 0.329025 -0.917627 -0.22294 255 0 0 7732 0
32.9518 -42.1917 3.55158 0.304157 -0.925609 -0.225246 255 0 0 7732 7
33.1372 -41.9087 3.43136 0.229697 -0.959191 -0.164903 255 0 0 7732 0
32.768 -42.1668 3.28277 0.16717 -0.982389 -0.0834663 255 0 0 7732 7
32.6103 -42.7501 5.98343 0.197681 -0.947474 -0.251426 255 0 0 7732 7
32.8805 -41.9945 3.44374 0.155302 -0.91864 -0.363292 255 0 0 7732 7
32.8749 -42.2371 3.62712 0.266663 -0.93739 -0.224033 255 0 0 7732 7
32.7829 -42.092 -0.216327 0.00130828 -0.993051 0.117676 255 0 0 7732 8
32.7755 -42.125 -0.128798 0.0429738 -0.989498 0.138013 255 0 0 7732 8
33.2903 -41.2763 0.850792 0.137615 -0.58317 0.800609 255 0 0 7732 1
32.9119 -42.0833 4.04058 0.389144 -0.914505 -0.110664 255 0 0 7732 0
33.3696 -41.8676 3.21112 0.43319 -0.875086 -0.215804 255 0 0 7732 0
32.9319 -41.3053 0.666583 0.0733697 -0.395567 0.915502 255 0 0 7732 1
33.2764 -41.9454 -0.453025 0.065947 -0.960297 0.271073 255 0 0 7732 8
33.3757 -41.1153 0.937687 0.0273892 -0.495807 0.868001 255 0 0 7732 8
33.3584 -41.7982 0.606136 0.0628514 -0.879032 0.472602 255 0 0 7732 8
32.8597 -42.2605 3.64028 0.263431 -0.940608 -0.214153 255 0 0 7732 7
33.2864 -41.938 3.21377 0.350018 -0.926638 -0.137222 255 0 0 7732 0
32.6153 -41.0833 0.885551 0.212448 -0.815846 0.53783 255 0 0 7732 7
32.639 -42.0834 2.87811 0.0633714 -0.965433 -0.25283 255 0 0 7732 7
33.7877 -41.8607 3.87138 0.477035 -0.81425 -0.330808 255 0 0 7732 7
33.5448 -41.7711 0.291369 0.137873 -0.89405 0.426222 255 0 0 7732 8
33.7874 -41.6986 3.53478 0.297425 -0.947797 -0.114974 255 0 0 7732 0
33.7928 -41.4156 0.328352 0.24451 -0.844643 0.476229 255 0 0 7732 8
33.4785 -41.6326 3.44761 0.397655 -0.897787 -0.189339 255 0 0 7732 0
33.555 -41.5821 3.38941 0.31376 -0.931378 -0.184632 255 0 0 7732 0
33.7615 -41.834 3.81599 0.476997 -0.814921 -0.329208 255 0 0 7732 0
5.01698 -34.0527 -7.70977 -0.889363 -0.456749 0.0203379 255 0 0 7732 9
9.72201 -38.1786 -8.96329 -0.413354 -0.898165 0.149792 255 0 0 7732 2
0.247714 -25.3654 -6.78515 -0.9373 -0.337693 0.0862058 255 0 0 7732 9
10.533 -38.2232 -9.2882 -0.504785 -0.82366 0.25841 255 0 0 7732 2
9.04601 -37.7706 -9.04335 -0.472346 -0.880474 0.0406853 255 0 0 7732 2
8.77775 -37.473 -10.4481 -0.352312 -0.806772 0.474337 255 0 0 7732 2
10.5166 -38.2281 -9.35002 -0.51147 -0.818041 0.263072 255 0 0 7732 2
9.70243 -38.0834 -10.354 -0.395732 -0.912545 0.103239 255 0 0 7732 2
9.64278 -38.0834 -10.3636 -0.399597 -0.913149 0.0805049 255 0 0 7732 2
8.71933 -37.694 -10.5392 -0.457912 -0.651693 0.60466 255 0 0 7732 2
8.77738 -37.4562 -10.3791 -0.340611 -0.823014 0.454568 255 0 0 7732 2
9.33021 -37.9167 -9.35027 -0.485507 -0.874233 -0.000104247 255 0 0 7732 2
9.50856 -37.8333 -10.0231 -0.428255 -0.902888 0.0372934 255 0 0 7732 2
-0.670302 -22.1837 -7.14956 -0.89526 -0.0861989 0.437127 255 0 0 7732 9
-0.251864 -23.8613 -6.96602 -0.945405 -0.290013 0.148671 255 0 0 7732 9
-0.676384 -22.1184 -7.1463 -0.896007 -0.103203 0.431881 255 0 0 7732 9
-0.681125 -22.0316 -6.97366 -0.951048 0.0850416 0.297113 255 0 0 7732 9
-2.42679 -17.5148 -6.79319 -0.7465 -0.664885 0.0257848 255 0 0 7732 9
-1.83333 -18.2232 -7.35702 -0.88528 -0.30396 0.351978 255 0 0 7732 9
-2.24722 -17.4167 -6.7774 -0.892608 -0.430119 0.135089 255 0 0 7732 9
-2.83333 -15.9462 -7.11994 -0.96573 0.15657 0.207008 255 0 0 7732 9
-2.80583 -16.5327 -6.77518 -0.977209 -0.0176775 0.21154 255 0 0 7732 9
-2.75 -16.0297 -6.03668 -0.966002 -0.048609 0.253924 255 0 0 7732 9
-2.61687 -17.3705 -6.45974 -0.865127 -0.478536 0.150197 255 0 0 7732 9
-2.89103 -15.6385 -6.79204 -0.974746 0.00795895 0.223173 255 0 0 7732 9
-2.83333 -15.7993 -5.78168 -0.973328 -0.145177 0.177642 255 0 0 7732 9
-2.25 -17.4167 -6.70054 -0.895556 -0.423993 0.134945 255 0 0 7732 9
-3.00008 -16.8694 -6.71757 -0.95955 -0.166731 0.226859 255 0 0 7732 9
-2.54978 -17.2238 -6.70673 -0.87459 -0.483016 0.0422927 255 0 0 7732 9
-2.85288 -17.2879 -6.6345 -0.898203 -0.331021 0.289234 255 0 0 7732 9
-2.8331 -16.4546 -6.93732 -0.953835 0.0527224 0.295667 255 0 0 7732 9
-3.00008 -16.2975 -7.05316 -0.943314 0.172109 0.28379 255 0 0 7732 9
-2.77668 -17.2678 -6.95409 -0.764433 -0.640946 0.0695012 255 0 0 7732 9
-2.62462 -17.3708 -6.37461 -0.855542 -0.491074 0.163995 255 0 0 7732 9
-2.56298 -17.1456 -6.5341 -0.904479 -0.405749 0.131474 255 0 0 7732 9
-3.00008 -16.0433 -6.38509 -0.979936 -0.0519676 0.192419 255 0 0 7732 9
-2.91667 -16.291 -7.35454 -0.941237 -0.0457925 0.334628 255 0 0 7732 9
-2.84999 -17.1921 -6.62287 -0.901073 -0.365019 0.234156 255 0 0 7732 9
-2.63346 -17.4445 -6.29575 -0.878174 -0.459008 0.13462 255 0 0 7732 9
-2.61323 -17.3619 -6.53674 -0.875383 -0.469919 0.113493 255 0 0 7732 9
-5.7607 0.454184 -7.9672 -0.887639 0.0371792 0.459037 255 0 0 7732 9
-5.58342 0.1301 -7.68509 -0.774965 -0.16524 0.61002 255 0 0 7732 9
-5.33028 -0.375439 -8.18982 -0.85625 -0.113905 0.503846 255 0 0 7732 9
-5.68288 0.62657 -7.89968 -0.745577 0.126503 0.654303 255 0 0 7732 9
-5.50273 -0.0257661 -7.48993 -0.905012 -0.112951 0.410116 255 0 0 7732 9
-5.66675 0.697019 -7.88375 -0.72556 0.113765 0.67869 255 0 0 7732 9
-5.67745 0.372101 -7.89871 -0.875645 0.0357414 0.48163 255 0 0 7732 9
-5.50949 0.0438286 -7.55016 -0.913586 -0.114113 0.390307 255 0 0 7732 9
-5.67294 0.290292 -7.97764 -0.870333 -0.0386944 0.490942 255 0 0 7732 9
-5.58342 -7.12677 -8.06243 -0.86324 0.172515 0.4744 255 0 0 7732 9
-5.33333 -0.320742 -8.1815 -0.837016 -0.140463 0.528843 255 0 0 7732 9
-5.58342 -0.513309 -8.39911 -0.89206 -0.0991853 0.440898 255 0 0 7732 9
-5.33342 -2.28773 -8.30127 -0.821863 -0.0433724 0.568033 255 0 0 7732 9
-5.83342 0.305247 -8.39408 -0.789167 -0.0183283 0.613905 255 0 0 7732 9
-4.41675 -12.5314 -7.87643 -0.811397 -0.25346 0.526681 255 0 0 7732 9
-4.46148 -12.5292 -8.0444 -0.859832 -0.229963 0.455857 255 0 0 7732 9
-5.49695 0.0323186 -8.51834 -0.859636 0.0456243 0.508866 255 0 0 7732 9
-5.84314 0.365196 -8.39321 -0.803339 -0.00429645 0.595506 255 0 0 7732 9
-5.87751 0.361852 -8.4448 -0.803493 -0.00523258 0.595291 255 0 0 7732 9
-5.48961 0.0943166 -8.45625 -0.855182 0.0106367 0.518219 255 0 0 7732 9
-5.78614 0.298343 -8.36761 -0.802604 0.00256714 0.596507 255 0 0 7732 9
-5.58342 -6.21564 -8.22736 -0.838071 0.253152 0.483271 255 0 0 7732 9
-5.64096 0.523943 -8.27087 -0.859934 0.0356034 0.509163 255 0 0 7732 9
-5.33342 -2.55964 -8.46932 -0.793117 -0.0658568 0.605498 255 0 0 7732 2
-5.61282 0.20575 -8.80058 -0.772191 0.123418 0.623289 255 0 0 7732 9
-5.80314 0.263431 -8.70226 -0.880192 -0.228617 0.415929 255 0 0 7732 9
-5.56518 0.209481 -8.78716 -0.74979 0.150239 0.644394 255 0 0 7732 9
-5.75183 -5.22115 -8.75 -0.671804 0.195871 0.714363 255 0 0 7732 9
-5.67399 -5.19214 -8.58333 -0.668859 0.0870125 0.738279 255 0 0 7732 2
-5.76216 -5.30281 -8.74849 -0.665574 0.180203 0.72425 255 0 0 7732 9
-5.75008 -5.71322 -8.58155 -0.497741 0.0519687 0.865767 255 0 0 7732 2
-5.64882 -1.46138 -8.75126 -0.773071 -0.19679 0.603021 255 0 0 7732 9
-5.69464 -5.62998 -8.56502 -0.600075 0.0899356 0.794872 255 0 0 7732 9
-5.6222 0.283492 -8.80107 -0.800253 0.0755409 0.594886 255 0 0 7732 9
-5.66414 -0.127265 -8.93708 -0.884193 -0.230859 0.406087 255 0 0 7732 9
-5.57109 -4.45998 -9.02729 -0.897443 -0.0505033 0.438231 255 0 0 7732 9
-3.92446 -14.2039 -7.96473 -0.840861 -0.238322 0.485958 255 0 0 7732 2
-3.92915 -14.8574 -8.57411 -0.648255 -0.426009 0.631096 255 0 0 7732 2
-3.72283 -14.563 -8.42951 -0.712018 -0.393735 0.58138 255 0 0 7732 2
-5.39663 -2.71062 -9.09684 -0.588807 -0.0388136 0.807341 255 0 0 7732 2
-3.50008 -15.6794 -8.36414 -0.61745 -0.279832 0.735153 255 0 0 7732 2
-5.75008 -3.46492 -9.25 -0.720037 0.0820757 0.689065 255 0 0 7732 2
-5.5 -2.56037 -9.13496 -0.736614 -0.159286 0.657288 255 0 0 7732 9
